"database","mature_mirna_acc","mature_mirna_id","target_symbol","target_entrez","target_ensembl","score"
"diana_microt","MIMAT0019806","hsa-miR-4706","KIF1C","10749","ENSG00000129250","0.977"
"diana_microt","MIMAT0019806","hsa-miR-4706","TAF3","83860","ENSG00000165632","0.964"
"diana_microt","MIMAT0019806","hsa-miR-4706","STK35","140901","ENSG00000125834","0.885"
"diana_microt","MIMAT0019806","hsa-miR-4706","PFDN6","10471","ENSG00000204220","0.868"
"diana_microt","MIMAT0019806","hsa-miR-4706","MGAT5","4249","ENSG00000152127","0.861"
"diana_microt","MIMAT0019806","hsa-miR-4706","CWC27","10283","ENSG00000153015","0.855"
"diana_microt","MIMAT0019806","hsa-miR-4706","EPN3","55040","ENSG00000049283","0.851"
"diana_microt","MIMAT0019806","hsa-miR-4706","GPRC5B","51704","ENSG00000167191","0.834"
"diana_microt","MIMAT0019806","hsa-miR-4706","EVX2","344191","ENSG00000174279","0.833"
"diana_microt","MIMAT0019806","hsa-miR-4706","ANKRD52","283373","ENSG00000139645","0.831"
"diana_microt","MIMAT0019806","hsa-miR-4706","CNTROB","116840","ENSG00000170037","0.831"
"diana_microt","MIMAT0019806","hsa-miR-4706","CXXC11","285093","ENSG00000188011","0.828"
"diana_microt","MIMAT0019806","hsa-miR-4706","DDC","1644","ENSG00000132437","0.827"
"diana_microt","MIMAT0019806","hsa-miR-4706","PLGLB1","5343","ENSG00000183281","0.824"
"diana_microt","MIMAT0019806","hsa-miR-4706","PLGLB1","5342","ENSG00000183281","0.824"
"diana_microt","MIMAT0019806","hsa-miR-4706","OLFM2","93145","ENSG00000105088","0.821"
"diana_microt","MIMAT0019806","hsa-miR-4706","KIAA1024","23251","ENSG00000169330","0.812"
"diana_microt","MIMAT0019806","hsa-miR-4706","ESPN","83715","ENSG00000187017","0.808"
"diana_microt","MIMAT0019806","hsa-miR-4706","NR5A1","2516","ENSG00000136931","0.807"
"diana_microt","MIMAT0019806","hsa-miR-4706","C15orf39","56905","ENSG00000167173","0.807"
"mirdb","MIMAT0019806","hsa-miR-4706","ARL15","54622","ENSG00000185305","89.761"
"mirdb","MIMAT0019806","hsa-miR-4706","CWC27","10283","ENSG00000153015","85.0745"
"targetscan","MIMAT0019806","hsa-miR-4706","ARL15","54622","ENSG00000185305","-0.923"
"targetscan","MIMAT0019806","hsa-miR-4706","OTOS","150677","ENSG00000178602","-0.909"
"targetscan","MIMAT0019806","hsa-miR-4706","EMID1","129080","ENSG00000186998","-0.891"
"targetscan","MIMAT0019806","hsa-miR-4706","OGFOD2","79676","ENSG00000111325","-0.88"
"targetscan","MIMAT0019806","hsa-miR-4706","GRAMD1A","57655","ENSG00000089351","-0.848"
"targetscan","MIMAT0019806","hsa-miR-4706","PLGLB1","5343","ENSG00000183281","-0.807"
"targetscan","MIMAT0019806","hsa-miR-4706","PLGLB2","5342","ENSG00000125551","-0.79"
"targetscan","MIMAT0019806","hsa-miR-4706","TSPAN15","23555","ENSG00000099282","-0.778"
"targetscan","MIMAT0019806","hsa-miR-4706","","","ENSG00000257184","-0.759"
"targetscan","MIMAT0019806","hsa-miR-4706","SAP18","10284","ENSG00000150459","-0.755"
"targetscan","MIMAT0019806","hsa-miR-4706","CXCR3","2833","ENSG00000186810","-0.746"
"targetscan","MIMAT0019806","hsa-miR-4706","AC000003.2","","ENSG00000264194","-0.743"
"targetscan","MIMAT0019806","hsa-miR-4706","NXF2","","ENSG00000185554","-0.734"
"targetscan","MIMAT0019806","hsa-miR-4706","PRCD","768206","ENSG00000214140","-0.731"
"targetscan","MIMAT0019806","hsa-miR-4706","NDUFA4L2","56901","ENSG00000185633","-0.73"
"targetscan","MIMAT0019806","hsa-miR-4706","MYL9","10398","ENSG00000101335","-0.722"
"targetscan","MIMAT0019806","hsa-miR-4706","GSTA4","2941","ENSG00000170899","-0.718"
"targetscan","MIMAT0019806","hsa-miR-4706","IER3","8870","ENSG00000137331","-0.715"
"targetscan","MIMAT0019806","hsa-miR-4706","MRPS25","64432","ENSG00000131368","-0.706"
"targetscan","MIMAT0019806","hsa-miR-4706","RNF39","80352","ENSG00000204618","-0.703"
"targetscan","MIMAT0019806","hsa-miR-4706","TLE4","7091","ENSG00000106829","-0.702"
"targetscan","MIMAT0019806","hsa-miR-4706","CRP","1401","ENSG00000132693","-0.696"
"targetscan","MIMAT0019806","hsa-miR-4706","HOXA9","3205","ENSG00000078399","-0.689"
"targetscan","MIMAT0019806","hsa-miR-4706","FOXE1","2304","ENSG00000178919","-0.685"
"targetscan","MIMAT0019806","hsa-miR-4706","NXPH4","11247","ENSG00000182379","-0.683"
"targetscan","MIMAT0019806","hsa-miR-4706","TMEM158","25907","ENSG00000249992","-0.678"
"targetscan","MIMAT0019806","hsa-miR-4706","LYPD3","27076","ENSG00000124466","-0.676"
"targetscan","MIMAT0019806","hsa-miR-4706","TMCO1","54499","ENSG00000143183","-0.675"
"targetscan","MIMAT0019806","hsa-miR-4706","GLIS1","148979","ENSG00000174332","-0.675"
"targetscan","MIMAT0019806","hsa-miR-4706","LINC01664","","ENSG00000235478","-0.667"
"targetscan","MIMAT0019806","hsa-miR-4706","ACBD4","79777","ENSG00000181513","-0.665"
"targetscan","MIMAT0019806","hsa-miR-4706","GPRC5B","51704","ENSG00000167191","-0.663"
"targetscan","MIMAT0019806","hsa-miR-4706","UBA52","7311","ENSG00000221983","-0.662"
"targetscan","MIMAT0019806","hsa-miR-4706","LRRC61","65999","ENSG00000127399","-0.655"
"targetscan","MIMAT0019806","hsa-miR-4706","FOXRED2","80020","ENSG00000100350","-0.651"
"targetscan","MIMAT0019806","hsa-miR-4706","ARF1","375","ENSG00000143761","-0.651"
"targetscan","MIMAT0019806","hsa-miR-4706","CLDN15","24146","ENSG00000106404","-0.647"
"targetscan","MIMAT0019806","hsa-miR-4706","RNF223","401934","ENSG00000237330","-0.644"
"targetscan","MIMAT0019806","hsa-miR-4706","ZNF558","148156","ENSG00000167785","-0.641"
"targetscan","MIMAT0019806","hsa-miR-4706","EEF2KMT","196483","ENSG00000118894","-0.64"
"targetscan","MIMAT0019806","hsa-miR-4706","LDOC1","23641","ENSG00000182195","-0.639"
"targetscan","MIMAT0019806","hsa-miR-4706","ATOH1","474","ENSG00000172238","-0.635"
"targetscan","MIMAT0019806","hsa-miR-4706","ABCE1","6059","ENSG00000164163","-0.629"
"targetscan","MIMAT0019806","hsa-miR-4706","VPS51","738","ENSG00000149823","-0.627"
"targetscan","MIMAT0019806","hsa-miR-4706","ASCL5","647219","ENSG00000232237","-0.625"
"targetscan","MIMAT0019806","hsa-miR-4706","F2R","2149","ENSG00000181104","-0.623"
"targetscan","MIMAT0019806","hsa-miR-4706","WAS","7454","ENSG00000015285","-0.621"
"targetscan","MIMAT0019806","hsa-miR-4706","SOD3","6649","ENSG00000109610","-0.614"
"targetscan","MIMAT0019806","hsa-miR-4706","NHP2","55651","ENSG00000145912","-0.607"
"targetscan","MIMAT0019806","hsa-miR-4706","RAB17","64284","ENSG00000124839","-0.607"
"targetscan","MIMAT0019806","hsa-miR-4706","CAPS","828","ENSG00000105519","-0.606"
"targetscan","MIMAT0019806","hsa-miR-4706","TMOD3","29766","ENSG00000138594","-0.604"
"targetscan","MIMAT0019806","hsa-miR-4706","TMOD3","112268148","ENSG00000138594","-0.604"
"targetscan","MIMAT0019806","hsa-miR-4706","CYP21A2","1589","ENSG00000231852","-0.594"
"targetscan","MIMAT0019806","hsa-miR-4706","TMEM141","85014","ENSG00000244187","-0.59"
"targetscan","MIMAT0019806","hsa-miR-4706","AP1S1","1174","ENSG00000106367","-0.588"
"targetscan","MIMAT0019806","hsa-miR-4706","PDGFA","5154","ENSG00000197461","-0.586"
"targetscan","MIMAT0019806","hsa-miR-4706","SNORC","389084","ENSG00000182600","-0.583"
"targetscan","MIMAT0019806","hsa-miR-4706","RNF149","284996","ENSG00000163162","-0.582"
"targetscan","MIMAT0019806","hsa-miR-4706","TRIM31","11074","ENSG00000204616","-0.573"
"targetscan","MIMAT0019806","hsa-miR-4706","GJA1","2697","ENSG00000152661","-0.573"
"targetscan","MIMAT0019806","hsa-miR-4706","CYB561D1","284613","ENSG00000174151","-0.572"
"targetscan","MIMAT0019806","hsa-miR-4706","IGF2","3481","ENSG00000167244","-0.571"
"targetscan","MIMAT0019806","hsa-miR-4706","SLC7A5","8140","ENSG00000103257","-0.558"
"targetscan","MIMAT0019806","hsa-miR-4706","STARD5","80765","ENSG00000172345","-0.556"
"targetscan","MIMAT0019806","hsa-miR-4706","GMDS","2762","ENSG00000112699","-0.556"
"targetscan","MIMAT0019806","hsa-miR-4706","C1QL1","10882","ENSG00000131094","-0.555"
"targetscan","MIMAT0019806","hsa-miR-4706","DLG4","1742","ENSG00000132535","-0.555"
"targetscan","MIMAT0019806","hsa-miR-4706","IGFBPL1","347252","ENSG00000137142","-0.555"
"targetscan","MIMAT0019806","hsa-miR-4706","RABL2B","11158","ENSG00000079974","-0.554"
"targetscan","MIMAT0019806","hsa-miR-4706","ANKRD13A","88455","ENSG00000076513","-0.554"
"targetscan","MIMAT0019806","hsa-miR-4706","FAM200B","285550","ENSG00000237765","-0.546"
"targetscan","MIMAT0019806","hsa-miR-4706","ACOT11","26027","ENSG00000162390","-0.544"
"targetscan","MIMAT0019806","hsa-miR-4706","DACT2","168002","ENSG00000164488","-0.541"
"targetscan","MIMAT0019806","hsa-miR-4706","EPS8L2","64787","ENSG00000177106","-0.54"
"targetscan","MIMAT0019806","hsa-miR-4706","ARF3","377","ENSG00000134287","-0.54"
"targetscan","MIMAT0019806","hsa-miR-4706","LRATD1","151354","ENSG00000162981","-0.539"
"targetscan","MIMAT0019806","hsa-miR-4706","THBD","7056","ENSG00000178726","-0.538"
"targetscan","MIMAT0019806","hsa-miR-4706","PRKCG","5582","ENSG00000126583","-0.535"
"targetscan","MIMAT0019806","hsa-miR-4706","MCRIP1","348262","ENSG00000225663","-0.535"
"targetscan","MIMAT0019806","hsa-miR-4706","RPL24","6152","ENSG00000114391","-0.535"
"targetscan","MIMAT0019806","hsa-miR-4706","REG3A","5068","ENSG00000172016","-0.534"
"targetscan","MIMAT0019806","hsa-miR-4706","C3orf56","285311","ENSG00000214324","-0.534"
"targetscan","MIMAT0019806","hsa-miR-4706","ZIC2","7546","ENSG00000043355","-0.534"
"targetscan","MIMAT0019806","hsa-miR-4706","CXorf38","159013","ENSG00000185753","-0.527"
"targetscan","MIMAT0019806","hsa-miR-4706","STX1B","112755","ENSG00000099365","-0.52"
"targetscan","MIMAT0019806","hsa-miR-4706","CYP2B6","1555","ENSG00000197408","-0.518"
"targetscan","MIMAT0019806","hsa-miR-4706","DRG1","4733","ENSG00000185721","-0.518"
"targetscan","MIMAT0019806","hsa-miR-4706","IER5","51278","ENSG00000162783","-0.517"
"targetscan","MIMAT0019806","hsa-miR-4706","SIN3B","23309","ENSG00000127511","-0.515"
"targetscan","MIMAT0019806","hsa-miR-4706","CCND3","896","ENSG00000112576","-0.513"
"targetscan","MIMAT0019806","hsa-miR-4706","DIP2A","23181","ENSG00000160305","-0.512"
"targetscan","MIMAT0019806","hsa-miR-4706","SDHC","6391","ENSG00000143252","-0.511"
"targetscan","MIMAT0019806","hsa-miR-4706","SHISA5","51246","ENSG00000164054","-0.509"
"targetscan","MIMAT0019806","hsa-miR-4706","STPG3","441476","ENSG00000197768","-0.506"
"targetscan","MIMAT0019806","hsa-miR-4706","BEGAIN","57596","ENSG00000183092","-0.505"
"targetscan","MIMAT0019806","hsa-miR-4706","GRAMD2A","196996","ENSG00000175318","-0.505"
"targetscan","MIMAT0019806","hsa-miR-4706","CUTA","51596","ENSG00000112514","-0.503"
"targetscan","MIMAT0019806","hsa-miR-4706","TMEM114","283953","ENSG00000232258","-0.501"
"targetscan","MIMAT0019806","hsa-miR-4706","UBE2L3","7332","ENSG00000185651","-0.498"
"targetscan","MIMAT0019806","hsa-miR-4706","PDE12","201626","ENSG00000174840","-0.497"
"targetscan","MIMAT0019806","hsa-miR-4706","LYRM9","201229","ENSG00000232859","-0.497"
"targetscan","MIMAT0019806","hsa-miR-4706","GSTM5","2949","ENSG00000134201","-0.496"
"targetscan","MIMAT0019806","hsa-miR-4706","SYT15","83849","ENSG00000204176","-0.496"
"targetscan","MIMAT0019806","hsa-miR-4706","MYDGF","56005","ENSG00000074842","-0.495"
"targetscan","MIMAT0019806","hsa-miR-4706","","","ENSG00000183562","-0.494"
"targetscan","MIMAT0019806","hsa-miR-4706","PPP5C","5536","ENSG00000011485","-0.492"
"targetscan","MIMAT0019806","hsa-miR-4706","ASPDH","554235","ENSG00000204653","-0.491"
"targetscan","MIMAT0019806","hsa-miR-4706","SIX6","4990","ENSG00000184302","-0.488"
"targetscan","MIMAT0019806","hsa-miR-4706","ZBED1","9189","ENSG00000214717","-0.487"
"targetscan","MIMAT0019806","hsa-miR-4706","APTX","54840","ENSG00000137074","-0.486"
"targetscan","MIMAT0019806","hsa-miR-4706","RADIL","55698","ENSG00000157927","-0.486"
"targetscan","MIMAT0019806","hsa-miR-4706","FBXO36","130888","ENSG00000153832","-0.485"
"targetscan","MIMAT0019806","hsa-miR-4706","ADAP2","55803","ENSG00000184060","-0.481"
"targetscan","MIMAT0019806","hsa-miR-4706","DNLZ","728489","ENSG00000213221","-0.48"
"targetscan","MIMAT0019806","hsa-miR-4706","STARD3","10948","ENSG00000131748","-0.48"
"targetscan","MIMAT0019806","hsa-miR-4706","MAFK","7975","ENSG00000198517","-0.479"
"targetscan","MIMAT0019806","hsa-miR-4706","RNASEK","440400","ENSG00000219200","-0.479"
"targetscan","MIMAT0019806","hsa-miR-4706","ASXL2","55252","ENSG00000143970","-0.477"
"targetscan","MIMAT0019806","hsa-miR-4706","NAA10","8260","ENSG00000102030","-0.475"
"targetscan","MIMAT0019806","hsa-miR-4706","PRKCA","5578","ENSG00000154229","-0.473"
"targetscan","MIMAT0019806","hsa-miR-4706","H2BC18","440689","ENSG00000203814","-0.471"
"targetscan","MIMAT0019806","hsa-miR-4706","NAT16","375607","ENSG00000167011","-0.47"
"targetscan","MIMAT0019806","hsa-miR-4706","HOXA6","3203","ENSG00000106006","-0.469"
"targetscan","MIMAT0019806","hsa-miR-4706","NPB","256933","ENSG00000183979","-0.469"
"targetscan","MIMAT0019806","hsa-miR-4706","RRAGA","10670","ENSG00000155876","-0.467"
"targetscan","MIMAT0019806","hsa-miR-4706","HPS4","89781","ENSG00000100099","-0.466"
"targetscan","MIMAT0019806","hsa-miR-4706","ISYNA1","51477","ENSG00000105655","-0.466"
"targetscan","MIMAT0019806","hsa-miR-4706","PON3","5446","ENSG00000105852","-0.465"
"targetscan","MIMAT0019806","hsa-miR-4706","RNPEPL1","57140","ENSG00000142327","-0.463"
"targetscan","MIMAT0019806","hsa-miR-4706","GPBAR1","151306","ENSG00000179921","-0.461"
"targetscan","MIMAT0019806","hsa-miR-4706","AARS1","16","ENSG00000090861","-0.46"
"targetscan","MIMAT0019806","hsa-miR-4706","HOXC6","3223","ENSG00000197757","-0.459"
"targetscan","MIMAT0019806","hsa-miR-4706","TMEM102","284114","ENSG00000181284","-0.456"
"targetscan","MIMAT0019806","hsa-miR-4706","UBE2I","7329","ENSG00000103275","-0.454"
"targetscan","MIMAT0019806","hsa-miR-4706","PTAR1","375743","ENSG00000188647","-0.453"
"targetscan","MIMAT0019806","hsa-miR-4706","COL8A2","1296","ENSG00000171812","-0.451"
"targetscan","MIMAT0019806","hsa-miR-4706","ERI3","79033","ENSG00000117419","-0.451"
"targetscan","MIMAT0019806","hsa-miR-4706","TIMM22","29928","ENSG00000177370","-0.45"
"targetscan","MIMAT0019806","hsa-miR-4706","CLDN16","10686","ENSG00000113946","-0.449"
"targetscan","MIMAT0019806","hsa-miR-4706","TMED8","283578","ENSG00000100580","-0.448"
"targetscan","MIMAT0019806","hsa-miR-4706","SDCCAG8","10806","ENSG00000054282","-0.447"
"targetscan","MIMAT0019806","hsa-miR-4706","NCS1","23413","ENSG00000107130","-0.447"
"targetscan","MIMAT0019806","hsa-miR-4706","CAMK1D","57118","ENSG00000183049","-0.446"
"targetscan","MIMAT0019806","hsa-miR-4706","PAX1","5075","ENSG00000125813","-0.445"
"targetscan","MIMAT0019806","hsa-miR-4706","TRAPPC1","58485","ENSG00000170043","-0.444"
"targetscan","MIMAT0019806","hsa-miR-4706","ANAPC2","29882","ENSG00000176248","-0.444"
"targetscan","MIMAT0019806","hsa-miR-4706","CDC42EP3","10602","ENSG00000163171","-0.442"
"targetscan","MIMAT0019806","hsa-miR-4706","FOXD1","2297","ENSG00000251493","-0.442"
"targetscan","MIMAT0019806","hsa-miR-4706","","","ENSG00000177340","-0.442"
"targetscan","MIMAT0019806","hsa-miR-4706","PHC2","1912","ENSG00000134686","-0.441"
"targetscan","MIMAT0019806","hsa-miR-4706","TAPBP","6892","ENSG00000231925","-0.441"
"targetscan","MIMAT0019806","hsa-miR-4706","EDDM3A","10876","ENSG00000181562","-0.441"
"targetscan","MIMAT0019806","hsa-miR-4706","EVX2","344191","ENSG00000174279","-0.44"
"targetscan","MIMAT0019806","hsa-miR-4706","AHCY","191","ENSG00000101444","-0.439"
"targetscan","MIMAT0019806","hsa-miR-4706","ZIC1","7545","ENSG00000152977","-0.438"
"targetscan","MIMAT0019806","hsa-miR-4706","CLU","1191","ENSG00000120885","-0.438"
"targetscan","MIMAT0019806","hsa-miR-4706","FAM167B","84734","ENSG00000183615","-0.438"
"targetscan","MIMAT0019806","hsa-miR-4706","SLC26A9","115019","ENSG00000174502","-0.436"
"targetscan","MIMAT0019806","hsa-miR-4706","ARL8A","127829","ENSG00000143862","-0.435"
"targetscan","MIMAT0019806","hsa-miR-4706","ELAC2","60528","ENSG00000006744","-0.435"
"targetscan","MIMAT0019806","hsa-miR-4706","GNG7","2788","ENSG00000176533","-0.433"
"targetscan","MIMAT0019806","hsa-miR-4706","NXNL1","115861","ENSG00000171773","-0.432"
"targetscan","MIMAT0019806","hsa-miR-4706","","","ENSG00000257545","-0.431"
"targetscan","MIMAT0019806","hsa-miR-4706","TEPP","374739","ENSG00000159648","-0.43"
"targetscan","MIMAT0019806","hsa-miR-4706","CALR","811","ENSG00000179218","-0.43"
"targetscan","MIMAT0019806","hsa-miR-4706","ZNF628","89887","ENSG00000197483","-0.428"
"targetscan","MIMAT0019806","hsa-miR-4706","CD209","30835","ENSG00000090659","-0.427"
"targetscan","MIMAT0019806","hsa-miR-4706","SYTL4","94121","ENSG00000102362","-0.427"
"targetscan","MIMAT0019806","hsa-miR-4706","ACAP1","9744","ENSG00000072818","-0.426"
"targetscan","MIMAT0019806","hsa-miR-4706","LRRC75B","388886","ENSG00000178026","-0.425"
"targetscan","MIMAT0019806","hsa-miR-4706","NPW","283869","ENSG00000183971","-0.422"
"targetscan","MIMAT0019806","hsa-miR-4706","AMBRA1","55626","ENSG00000110497","-0.42"
"targetscan","MIMAT0019806","hsa-miR-4706","CAMK2G","818","ENSG00000148660","-0.42"
"targetscan","MIMAT0019806","hsa-miR-4706","CNOT3","4849","ENSG00000088038","-0.42"
"targetscan","MIMAT0019806","hsa-miR-4706","BCL2L13","23786","ENSG00000099968","-0.42"
"targetscan","MIMAT0019806","hsa-miR-4706","CBX6","23466","ENSG00000183741","-0.418"
"targetscan","MIMAT0019806","hsa-miR-4706","KCNE5","23630","ENSG00000176076","-0.417"
"targetscan","MIMAT0019806","hsa-miR-4706","CALML5","51806","ENSG00000178372","-0.416"
"targetscan","MIMAT0019806","hsa-miR-4706","TNFRSF11A","8792","ENSG00000141655","-0.415"
"targetscan","MIMAT0019806","hsa-miR-4706","OLFM2","93145","ENSG00000105088","-0.415"
"targetscan","MIMAT0019806","hsa-miR-4706","NOP16","51491","ENSG00000048162","-0.414"
"targetscan","MIMAT0019806","hsa-miR-4706","HSF1","3297","ENSG00000185122","-0.414"
"targetscan","MIMAT0019806","hsa-miR-4706","SEMA4D","10507","ENSG00000187764","-0.414"
"targetscan","MIMAT0019806","hsa-miR-4706","CMTM1","113540","ENSG00000089505","-0.413"
"targetscan","MIMAT0019806","hsa-miR-4706","SIGLEC7","27036","ENSG00000168995","-0.413"
"targetscan","MIMAT0019806","hsa-miR-4706","PABPC1L2B","645974","ENSG00000184388","-0.412"
"targetscan","MIMAT0019806","hsa-miR-4706","STOML1","9399","ENSG00000067221","-0.412"
"targetscan","MIMAT0019806","hsa-miR-4706","","","ENSG00000267157","-0.411"
"targetscan","MIMAT0019806","hsa-miR-4706","PSMB5","5693","ENSG00000100804","-0.411"
"targetscan","MIMAT0019806","hsa-miR-4706","GOSR2","9570","ENSG00000108433","-0.411"
"targetscan","MIMAT0019806","hsa-miR-4706","PABPC1L2A","340529","ENSG00000186288","-0.411"
"targetscan","MIMAT0019806","hsa-miR-4706","ZNF628","89887","ENSG00000197483","-0.41"
"targetscan","MIMAT0019806","hsa-miR-4706","RGMA","56963","ENSG00000182175","-0.409"
"targetscan","MIMAT0019806","hsa-miR-4706","MVB12A","93343","ENSG00000141971","-0.408"
"targetscan","MIMAT0019806","hsa-miR-4706","CCDC169-SOHLH2","100526761","ENSG00000250709","-0.408"
"targetscan","MIMAT0019806","hsa-miR-4706","LINC00632","","ENSG00000203930","-0.407"
"targetscan","MIMAT0019806","hsa-miR-4706","TSPEAR-AS2","","ENSG00000182912","-0.406"
"targetscan","MIMAT0019806","hsa-miR-4706","AKAP3","10566","ENSG00000111254","-0.406"
"targetscan","MIMAT0019806","hsa-miR-4706","","","ENSG00000270299","-0.405"
"targetscan","MIMAT0019806","hsa-miR-4706","FIS1","51024","ENSG00000214253","-0.404"
"targetscan","MIMAT0019806","hsa-miR-4706","INSL3","3640","ENSG00000248099","-0.404"
"targetscan","MIMAT0019806","hsa-miR-4706","NLE1","54475","ENSG00000073536","-0.403"
"targetscan","MIMAT0019806","hsa-miR-4706","ZNF787","126208","ENSG00000142409","-0.403"
"targetscan","MIMAT0019806","hsa-miR-4706","UBE2F","140739","ENSG00000184182","-0.403"
"targetscan","MIMAT0019806","hsa-miR-4706","UBA5","79876","ENSG00000081307","-0.402"
"targetscan","MIMAT0019806","hsa-miR-4706","FAM78A","286336","ENSG00000126882","-0.402"
"targetscan","MIMAT0019806","hsa-miR-4706","ACTA1","58","ENSG00000143632","-0.4"
"targetscan","MIMAT0019806","hsa-miR-4706","FAM214B","80256","ENSG00000005238","-0.4"
"targetscan","MIMAT0019806","hsa-miR-4706","ABHD17A","81926","ENSG00000129968","-0.399"
"targetscan","MIMAT0019806","hsa-miR-4706","LARP4B","23185","ENSG00000107929","-0.397"
"targetscan","MIMAT0019806","hsa-miR-4706","DLGAP4","22839","ENSG00000080845","-0.395"
"targetscan","MIMAT0019806","hsa-miR-4706","KLHL21","9903","ENSG00000162413","-0.395"
"targetscan","MIMAT0019806","hsa-miR-4706","SHE","126669","ENSG00000169291","-0.394"
"targetscan","MIMAT0019806","hsa-miR-4706","DNAJC30","84277","ENSG00000176410","-0.394"
"targetscan","MIMAT0019806","hsa-miR-4706","B3GAT1","27087","ENSG00000109956","-0.394"
"targetscan","MIMAT0019806","hsa-miR-4706","EVX2","344191","ENSG00000174279","-0.393"
"targetscan","MIMAT0019806","hsa-miR-4706","LRRC46","90506","ENSG00000141294","-0.393"
"targetscan","MIMAT0019806","hsa-miR-4706","SLC10A7","84068","ENSG00000120519","-0.393"
"targetscan","MIMAT0019806","hsa-miR-4706","SHISA7","729956","ENSG00000187902","-0.393"
"targetscan","MIMAT0019806","hsa-miR-4706","ACSL3","2181","ENSG00000123983","-0.392"
"targetscan","MIMAT0019806","hsa-miR-4706","G6PC3","92579","ENSG00000141349","-0.392"
"targetscan","MIMAT0019806","hsa-miR-4706","QPRT","23475","ENSG00000103485","-0.392"
"targetscan","MIMAT0019806","hsa-miR-4706","PPARA","5465","ENSG00000186951","-0.391"
"targetscan","MIMAT0019806","hsa-miR-4706","GRSF1","2926","ENSG00000132463","-0.39"
"targetscan","MIMAT0019806","hsa-miR-4706","AC174470.1","","ENSG00000215621","-0.389"
"targetscan","MIMAT0019806","hsa-miR-4706","CDC42EP1","11135","ENSG00000128283","-0.389"
"targetscan","MIMAT0019806","hsa-miR-4706","RAB37","326624","ENSG00000172794","-0.388"
"targetscan","MIMAT0019806","hsa-miR-4706","ECEL1","9427","ENSG00000171551","-0.388"
"targetscan","MIMAT0019806","hsa-miR-4706","HDAC10","83933","ENSG00000100429","-0.388"
"targetscan","MIMAT0019806","hsa-miR-4706","NTN5","126147","ENSG00000142233","-0.386"
"targetscan","MIMAT0019806","hsa-miR-4706","LRFN2","57497","ENSG00000156564","-0.386"
"targetscan","MIMAT0019806","hsa-miR-4706","NME1","4830","ENSG00000239672","-0.386"
"targetscan","MIMAT0019806","hsa-miR-4706","CPLX2","10814","ENSG00000145920","-0.386"
"targetscan","MIMAT0019806","hsa-miR-4706","ADRA2B","","ENSG00000222040","-0.386"
"targetscan","MIMAT0019806","hsa-miR-4706","FAM172A","83989","ENSG00000113391","-0.385"
"targetscan","MIMAT0019806","hsa-miR-4706","CIAO1","9391","ENSG00000144021","-0.385"
"targetscan","MIMAT0019806","hsa-miR-4706","ZNF703","80139","ENSG00000183779","-0.385"
"targetscan","MIMAT0019806","hsa-miR-4706","ALDH6A1","4329","ENSG00000119711","-0.385"
"targetscan","MIMAT0019806","hsa-miR-4706","PIGL","9487","ENSG00000108474","-0.385"
"targetscan","MIMAT0019806","hsa-miR-4706","HOXC10","3226","ENSG00000180818","-0.385"
"targetscan","MIMAT0019806","hsa-miR-4706","TTC13","79573","ENSG00000143643","-0.385"
"targetscan","MIMAT0019806","hsa-miR-4706","FMO6P","","ENSG00000117507","-0.384"
"targetscan","MIMAT0019806","hsa-miR-4706","AIF1L","83543","ENSG00000126878","-0.384"
"targetscan","MIMAT0019806","hsa-miR-4706","MT-ND5","4540","ENSG00000198786","-0.383"
"targetscan","MIMAT0019806","hsa-miR-4706","SLFN13","146857","ENSG00000154760","-0.382"
"targetscan","MIMAT0019806","hsa-miR-4706","TGFA","7039","ENSG00000163235","-0.382"
"targetscan","MIMAT0019806","hsa-miR-4706","AURKB","9212","ENSG00000178999","-0.382"
"targetscan","MIMAT0019806","hsa-miR-4706","RP11-407N17.3","","ENSG00000258941","-0.382"
"targetscan","MIMAT0019806","hsa-miR-4706","PRR36","80164","ENSG00000183248","-0.381"
"targetscan","MIMAT0019806","hsa-miR-4706","CHERP","10523","ENSG00000085872","-0.381"
"targetscan","MIMAT0019806","hsa-miR-4706","PPDPF","79144","ENSG00000125534","-0.381"
"targetscan","MIMAT0019806","hsa-miR-4706","CAMKMT","79823","ENSG00000143919","-0.38"
"targetscan","MIMAT0019806","hsa-miR-4706","HCN1","348980","ENSG00000164588","-0.38"
"targetscan","MIMAT0019806","hsa-miR-4706","SH3BGRL3","83442","ENSG00000142669","-0.38"
"targetscan","MIMAT0019806","hsa-miR-4706","B3GALT5","10317","ENSG00000183778","-0.38"
"targetscan","MIMAT0019806","hsa-miR-4706","TOR2A","27433","ENSG00000160404","-0.379"
"targetscan","MIMAT0019806","hsa-miR-4706","KDR","3791","ENSG00000128052","-0.379"
"targetscan","MIMAT0019806","hsa-miR-4706","SCGB2B2","284402","ENSG00000205209","-0.379"
"targetscan","MIMAT0019806","hsa-miR-4706","MYO7B","4648","ENSG00000169994","-0.379"
"targetscan","MIMAT0019806","hsa-miR-4706","SOX3","6658","ENSG00000134595","-0.378"
"targetscan","MIMAT0019806","hsa-miR-4706","MORN4","118812","ENSG00000171160","-0.378"
"targetscan","MIMAT0019806","hsa-miR-4706","STARD3","10948","ENSG00000131748","-0.378"
"targetscan","MIMAT0019806","hsa-miR-4706","PITPNM2","57605","ENSG00000090975","-0.378"
"targetscan","MIMAT0019806","hsa-miR-4706","SHISAL1","85352","ENSG00000138944","-0.378"
"targetscan","MIMAT0019806","hsa-miR-4706","TAF3","83860","ENSG00000165632","-0.378"
"targetscan","MIMAT0019806","hsa-miR-4706","RTN4RL2","349667","ENSG00000186907","-0.378"
"targetscan","MIMAT0019806","hsa-miR-4706","TUBA8","51807","ENSG00000183785","-0.378"
"targetscan","MIMAT0019806","hsa-miR-4706","KLRB1","3820","ENSG00000111796","-0.378"
"targetscan","MIMAT0019806","hsa-miR-4706","FAM53B","9679","ENSG00000189319","-0.377"
"targetscan","MIMAT0019806","hsa-miR-4706","FXYD1","5348","ENSG00000266964","-0.377"
"targetscan","MIMAT0019806","hsa-miR-4706","SYNDIG1","79953","ENSG00000101463","-0.376"
"targetscan","MIMAT0019806","hsa-miR-4706","RAB40A","142684","ENSG00000172476","-0.376"
"targetscan","MIMAT0019806","hsa-miR-4706","APOBEC3D","140564","ENSG00000243811","-0.376"
"targetscan","MIMAT0019806","hsa-miR-4706","PSMG4","389362","ENSG00000180822","-0.375"
"targetscan","MIMAT0019806","hsa-miR-4706","SIX3","6496","ENSG00000138083","-0.375"
"targetscan","MIMAT0019806","hsa-miR-4706","OTUB1","55611","ENSG00000167770","-0.374"
"targetscan","MIMAT0019806","hsa-miR-4706","PTDSS2","81490","ENSG00000174915","-0.374"
"targetscan","MIMAT0019806","hsa-miR-4706","ERO1B","56605","ENSG00000086619","-0.373"
"targetscan","MIMAT0019806","hsa-miR-4706","FAAP20","199990","ENSG00000162585","-0.373"
"targetscan","MIMAT0019806","hsa-miR-4706","SPI1","6688","ENSG00000066336","-0.373"
"targetscan","MIMAT0019806","hsa-miR-4706","SOHLH2","54937","ENSG00000120669","-0.373"
"targetscan","MIMAT0019806","hsa-miR-4706","ENSG00000270466","","ENSG00000270466","-0.372"
"targetscan","MIMAT0019806","hsa-miR-4706","WBP1","23559","ENSG00000239779","-0.372"
"targetscan","MIMAT0019806","hsa-miR-4706","COPS7A","50813","ENSG00000111652","-0.372"
"targetscan","MIMAT0019806","hsa-miR-4706","GNB1L","54584","ENSG00000185838","-0.372"
"targetscan","MIMAT0019806","hsa-miR-4706","NETO1","81832","ENSG00000166342","-0.372"
"targetscan","MIMAT0019806","hsa-miR-4706","KIF1C","10749","ENSG00000129250","-0.371"
"targetscan","MIMAT0019806","hsa-miR-4706","HPCAL1","3241","ENSG00000115756","-0.37"
"targetscan","MIMAT0019806","hsa-miR-4706","NECTIN1","5818","ENSG00000110400","-0.37"
"targetscan","MIMAT0019806","hsa-miR-4706","ENTPD2","954","ENSG00000054179","-0.369"
"targetscan","MIMAT0019806","hsa-miR-4706","USP4","107986084","ENSG00000114316","-0.368"
"targetscan","MIMAT0019806","hsa-miR-4706","RPP14","11102","ENSG00000163684","-0.368"
"targetscan","MIMAT0019806","hsa-miR-4706","AKT1S1","84335","ENSG00000204673","-0.368"
"targetscan","MIMAT0019806","hsa-miR-4706","USP4","7375","ENSG00000114316","-0.368"
"targetscan","MIMAT0019806","hsa-miR-4706","CACTIN","58509","ENSG00000105298","-0.368"
"targetscan","MIMAT0019806","hsa-miR-4706","RNF181","51255","ENSG00000168894","-0.367"
"targetscan","MIMAT0019806","hsa-miR-4706","C8orf17","","ENSG00000250733","-0.367"
"targetscan","MIMAT0019806","hsa-miR-4706","RABL6","55684","ENSG00000196642","-0.366"
"targetscan","MIMAT0019806","hsa-miR-4706","UBXN6","80700","ENSG00000167671","-0.366"
"targetscan","MIMAT0019806","hsa-miR-4706","RS1","6247","ENSG00000102104","-0.365"
"targetscan","MIMAT0019806","hsa-miR-4706","CYP4F11","57834","ENSG00000171903","-0.365"
"targetscan","MIMAT0019806","hsa-miR-4706","TMEM143","55260","ENSG00000161558","-0.365"
"targetscan","MIMAT0019806","hsa-miR-4706","HOXB5","3215","ENSG00000120075","-0.365"
"targetscan","MIMAT0019806","hsa-miR-4706","PLEKHG2","64857","ENSG00000090924","-0.365"
"targetscan","MIMAT0019806","hsa-miR-4706","FMNL1","752","ENSG00000184922","-0.364"
"targetscan","MIMAT0019806","hsa-miR-4706","ASCL2","430","ENSG00000183734","-0.364"
"targetscan","MIMAT0019806","hsa-miR-4706","HOXB9","3219","ENSG00000170689","-0.364"
"targetscan","MIMAT0019806","hsa-miR-4706","SLC25A27","9481","ENSG00000153291","-0.363"
"targetscan","MIMAT0019806","hsa-miR-4706","PDE7B","27115","ENSG00000171408","-0.363"
"targetscan","MIMAT0019806","hsa-miR-4706","NRARP","441478","ENSG00000198435","-0.363"
"targetscan","MIMAT0019806","hsa-miR-4706","FHL3","2275","ENSG00000183386","-0.361"
"targetscan","MIMAT0019806","hsa-miR-4706","SIGLEC12","89858","ENSG00000254521","-0.361"
"targetscan","MIMAT0019806","hsa-miR-4706","LINC00632","","ENSG00000203930","-0.36"
"targetscan","MIMAT0019806","hsa-miR-4706","KAZALD1","81621","ENSG00000107821","-0.36"
"targetscan","MIMAT0019806","hsa-miR-4706","SELPLG","6404","ENSG00000110876","-0.359"
"targetscan","MIMAT0019806","hsa-miR-4706","MIA2","4253","ENSG00000150527","-0.359"
"targetscan","MIMAT0019806","hsa-miR-4706","RARA","5914","ENSG00000131759","-0.358"
"targetscan","MIMAT0019806","hsa-miR-4706","SH2D1B","117157","ENSG00000198574","-0.358"
"targetscan","MIMAT0019806","hsa-miR-4706","PTGDS","5730","ENSG00000107317","-0.358"
"targetscan","MIMAT0019806","hsa-miR-4706","GIPC1","10755","ENSG00000123159","-0.358"
"targetscan","MIMAT0019806","hsa-miR-4706","KCTD2","23510","ENSG00000180901","-0.358"
"targetscan","MIMAT0019806","hsa-miR-4706","PAX2","5076","ENSG00000075891","-0.357"
"targetscan","MIMAT0019806","hsa-miR-4706","SP2","6668","ENSG00000167182","-0.357"
"targetscan","MIMAT0019806","hsa-miR-4706","CTRC","11330","ENSG00000162438","-0.357"
"targetscan","MIMAT0019806","hsa-miR-4706","MANBAL","63905","ENSG00000101363","-0.357"
"targetscan","MIMAT0019806","hsa-miR-4706","SLC25A40","55972","ENSG00000075303","-0.357"
"targetscan","MIMAT0019806","hsa-miR-4706","LFNG","3955","ENSG00000106003","-0.356"
"targetscan","MIMAT0019806","hsa-miR-4706","TCF7L1","83439","ENSG00000152284","-0.356"
"targetscan","MIMAT0019806","hsa-miR-4706","NR5A1","2516","ENSG00000136931","-0.356"
"targetscan","MIMAT0019806","hsa-miR-4706","AC019294.1","","ENSG00000256530","-0.356"
"targetscan","MIMAT0019806","hsa-miR-4706","SIRT2","22933","ENSG00000068903","-0.356"
"targetscan","MIMAT0019806","hsa-miR-4706","ABCF3","55324","ENSG00000161204","-0.355"
"targetscan","MIMAT0019806","hsa-miR-4706","R3HCC1","203069","ENSG00000104679","-0.355"
"targetscan","MIMAT0019806","hsa-miR-4706","C20orf144","128864","ENSG00000149609","-0.355"
"targetscan","MIMAT0019806","hsa-miR-4706","MED24","9862","ENSG00000008838","-0.355"
"targetscan","MIMAT0019806","hsa-miR-4706","POGK","57645","ENSG00000143157","-0.354"
"targetscan","MIMAT0019806","hsa-miR-4706","C7orf13","","ENSG00000244291","-0.354"
"targetscan","MIMAT0019806","hsa-miR-4706","NINJ1","4814","ENSG00000131669","-0.354"
"targetscan","MIMAT0019806","hsa-miR-4706","GYS1","2997","ENSG00000104812","-0.354"
"targetscan","MIMAT0019806","hsa-miR-4706","TRIM32","22954","ENSG00000119401","-0.353"
"targetscan","MIMAT0019806","hsa-miR-4706","MTMR10","54893","ENSG00000166912","-0.353"
"targetscan","MIMAT0019806","hsa-miR-4706","BIRC5","332","ENSG00000089685","-0.352"
"targetscan","MIMAT0019806","hsa-miR-4706","CRABP2","1382","ENSG00000143320","-0.352"
"targetscan","MIMAT0019806","hsa-miR-4706","MMP14","4323","ENSG00000157227","-0.352"
"targetscan","MIMAT0019806","hsa-miR-4706","","79890","ENSG00000100599","-0.352"
"targetscan","MIMAT0019806","hsa-miR-4706","SLC9A3","6550","ENSG00000066230","-0.351"
"targetscan","MIMAT0019806","hsa-miR-4706","RNPEP","6051","ENSG00000176393","-0.351"
"targetscan","MIMAT0019806","hsa-miR-4706","SLC25A26","115286","ENSG00000144741","-0.351"
"targetscan","MIMAT0019806","hsa-miR-4706","ACO2","50","ENSG00000100412","-0.351"
"targetscan","MIMAT0019806","hsa-miR-4706","KXD1","79036","ENSG00000105700","-0.351"
"targetscan","MIMAT0019806","hsa-miR-4706","MSX2","4488","ENSG00000120149","-0.35"
"targetscan","MIMAT0019806","hsa-miR-4706","PELI3","246330","ENSG00000174516","-0.348"
"targetscan","MIMAT0019806","hsa-miR-4706","ADAP2","55803","ENSG00000184060","-0.348"
"targetscan","MIMAT0019806","hsa-miR-4706","ASB15","142685","ENSG00000146809","-0.347"
"targetscan","MIMAT0019806","hsa-miR-4706","C10orf55","","ENSG00000222047","-0.346"
"targetscan","MIMAT0019806","hsa-miR-4706","ZNF784","147808","ENSG00000179922","-0.346"
"targetscan","MIMAT0019806","hsa-miR-4706","ELOVL3","83401","ENSG00000119915","-0.346"
"targetscan","MIMAT0019806","hsa-miR-4706","FEV","54738","ENSG00000163497","-0.346"
"targetscan","MIMAT0019806","hsa-miR-4706","UBE2L3","7332","ENSG00000185651","-0.345"
"targetscan","MIMAT0019806","hsa-miR-4706","SERPINA4","5267","ENSG00000100665","-0.345"
"targetscan","MIMAT0019806","hsa-miR-4706","SLC39A9","55334","ENSG00000029364","-0.345"
"targetscan","MIMAT0019806","hsa-miR-4706","MYL6B","140465","ENSG00000196465","-0.344"
"targetscan","MIMAT0019806","hsa-miR-4706","TACC3","10460","ENSG00000013810","-0.344"
"targetscan","MIMAT0019806","hsa-miR-4706","PDE2A","5138","ENSG00000186642","-0.344"
"targetscan","MIMAT0019806","hsa-miR-4706","BRD1","23774","ENSG00000100425","-0.343"
"targetscan","MIMAT0019806","hsa-miR-4706","UBE2NL","","ENSG00000102069","-0.343"
"targetscan","MIMAT0019806","hsa-miR-4706","C1QTNF8","390664","ENSG00000184471","-0.343"
"targetscan","MIMAT0019806","hsa-miR-4706","TGFBI","7045","ENSG00000120708","-0.343"
"targetscan","MIMAT0019806","hsa-miR-4706","SEMA4C","54910","ENSG00000168758","-0.342"
"targetscan","MIMAT0019806","hsa-miR-4706","CKMT1B","1159","ENSG00000237289","-0.342"
"targetscan","MIMAT0019806","hsa-miR-4706","HOXA3","3200","ENSG00000105997","-0.342"
"targetscan","MIMAT0019806","hsa-miR-4706","CACNG1","786","ENSG00000108878","-0.342"
"targetscan","MIMAT0019806","hsa-miR-4706","FKBP8","23770","ENSG00000105701","-0.342"
"targetscan","MIMAT0019806","hsa-miR-4706","CTNNBIP1","56998","ENSG00000178585","-0.342"
"targetscan","MIMAT0019806","hsa-miR-4706","EGR4","1961","ENSG00000135625","-0.342"
"targetscan","MIMAT0019806","hsa-miR-4706","HIST1H3H","","ENSG00000203813","-0.341"
"targetscan","MIMAT0019806","hsa-miR-4706","RAB27A","5873","ENSG00000069974","-0.341"
"targetscan","MIMAT0019806","hsa-miR-4706","UBE2T","29089","ENSG00000077152","-0.341"
"targetscan","MIMAT0019806","hsa-miR-4706","ZNF343","79175","ENSG00000088876","-0.341"
"targetscan","MIMAT0019806","hsa-miR-4706","LINC01547","","ENSG00000183250","-0.341"
"targetscan","MIMAT0019806","hsa-miR-4706","SYT8","90019","ENSG00000149043","-0.341"
"targetscan","MIMAT0019806","hsa-miR-4706","CFAP61","26074","ENSG00000089101","-0.341"
"targetscan","MIMAT0019806","hsa-miR-4706","COLQ","8292","ENSG00000206561","-0.341"
"targetscan","MIMAT0019806","hsa-miR-4706","GABRE","2564","ENSG00000102287","-0.34"
"targetscan","MIMAT0019806","hsa-miR-4706","CYB5B","80777","ENSG00000103018","-0.34"
"targetscan","MIMAT0019806","hsa-miR-4706","PEX26","55670","ENSG00000215193","-0.34"
"targetscan","MIMAT0019806","hsa-miR-4706","HOXB8","3218","ENSG00000120068","-0.339"
"targetscan","MIMAT0019806","hsa-miR-4706","ORAI2","80228","ENSG00000160991","-0.338"
"targetscan","MIMAT0019806","hsa-miR-4706","C8orf82","414919","ENSG00000213563","-0.338"
"targetscan","MIMAT0019806","hsa-miR-4706","SORBS3","10174","ENSG00000120896","-0.338"
"targetscan","MIMAT0019806","hsa-miR-4706","SURF4","6836","ENSG00000148248","-0.338"
"targetscan","MIMAT0019806","hsa-miR-4706","PHLDA1","22822","ENSG00000139289","-0.338"
"targetscan","MIMAT0019806","hsa-miR-4706","TMEM183A","92703","ENSG00000163444","-0.338"
"targetscan","MIMAT0019806","hsa-miR-4706","FSTL4","23105","ENSG00000053108","-0.338"
"targetscan","MIMAT0019806","hsa-miR-4706","PIK3CD-AS1","","ENSG00000179840","-0.337"
"targetscan","MIMAT0019806","hsa-miR-4706","CD8A","925","ENSG00000153563","-0.337"
"targetscan","MIMAT0019806","hsa-miR-4706","SLC1A4","6509","ENSG00000115902","-0.336"
"targetscan","MIMAT0019806","hsa-miR-4706","PHKA2","5256","ENSG00000044446","-0.336"
"targetscan","MIMAT0019806","hsa-miR-4706","NFIX","4784","ENSG00000008441","-0.336"
"targetscan","MIMAT0019806","hsa-miR-4706","TFG","10342","ENSG00000114354","-0.336"
"targetscan","MIMAT0019806","hsa-miR-4706","TBC1D13","54662","ENSG00000107021","-0.335"
"targetscan","MIMAT0019806","hsa-miR-4706","DES","1674","ENSG00000175084","-0.335"
"targetscan","MIMAT0019806","hsa-miR-4706","AGFG2","3268","ENSG00000106351","-0.335"
"targetscan","MIMAT0019806","hsa-miR-4706","KCNJ12","3768","ENSG00000184185","-0.335"
"targetscan","MIMAT0019806","hsa-miR-4706","HMSD","284293","ENSG00000221887","-0.335"
"targetscan","MIMAT0019806","hsa-miR-4706","HSD17B8","7923","ENSG00000204228","-0.335"
"targetscan","MIMAT0019806","hsa-miR-4706","MLLT1","4298","ENSG00000130382","-0.335"
"targetscan","MIMAT0019806","hsa-miR-4706","GAGE1","2543","ENSG00000205777","-0.335"
"targetscan","MIMAT0019806","hsa-miR-4706","MINAR1","23251","ENSG00000169330","-0.335"
"targetscan","MIMAT0019806","hsa-miR-4706","SNN","8303","ENSG00000184602","-0.335"
"targetscan","MIMAT0019806","hsa-miR-4706","YIF1B","90522","ENSG00000167645","-0.334"
"targetscan","MIMAT0019806","hsa-miR-4706","ESPN","83715","ENSG00000187017","-0.334"
"targetscan","MIMAT0019806","hsa-miR-4706","TMBIM1","64114","ENSG00000135926","-0.334"
"targetscan","MIMAT0019806","hsa-miR-4706","FSCN1","6624","ENSG00000075618","-0.334"
"targetscan","MIMAT0019806","hsa-miR-4706","TMEM139","135932","ENSG00000178826","-0.334"
"targetscan","MIMAT0019806","hsa-miR-4706","ZYG11A","440590","ENSG00000203995","-0.333"
"targetscan","MIMAT0019806","hsa-miR-4706","NUB1","51667","ENSG00000013374","-0.333"
"targetscan","MIMAT0019806","hsa-miR-4706","HABP4","22927","ENSG00000130956","-0.333"
"targetscan","MIMAT0019806","hsa-miR-4706","SARM1","23098","ENSG00000004139","-0.333"
"targetscan","MIMAT0019806","hsa-miR-4706","INPP5K","51763","ENSG00000132376","-0.333"
"targetscan","MIMAT0019806","hsa-miR-4706","C9orf139","401563","ENSG00000180539","-0.333"
"targetscan","MIMAT0019806","hsa-miR-4706","KLLN","100144748","ENSG00000227268","-0.333"
"targetscan","MIMAT0019806","hsa-miR-4706","NCLN","56926","ENSG00000125912","-0.333"
"targetscan","MIMAT0019806","hsa-miR-4706","SEMA6C","10500","ENSG00000143434","-0.333"
"targetscan","MIMAT0019806","hsa-miR-4706","KCNJ1","3758","ENSG00000151704","-0.332"
"targetscan","MIMAT0019806","hsa-miR-4706","PIP4K2A","5305","ENSG00000150867","-0.332"
"targetscan","MIMAT0019806","hsa-miR-4706","FKBP8","23770","ENSG00000105701","-0.332"
"targetscan","MIMAT0019806","hsa-miR-4706","LINC00346","283487","ENSG00000255874","-0.332"
"targetscan","MIMAT0019806","hsa-miR-4706","GREM2","64388","ENSG00000180875","-0.332"
"targetscan","MIMAT0019806","hsa-miR-4706","RTN4RL1","146760","ENSG00000185924","-0.331"
"targetscan","MIMAT0019806","hsa-miR-4706","ADCY5","111","ENSG00000173175","-0.331"
"targetscan","MIMAT0019806","hsa-miR-4706","RFC2","5982","ENSG00000049541","-0.331"
"targetscan","MIMAT0019806","hsa-miR-4706","ZBTB22","9278","ENSG00000236104","-0.331"
"targetscan","MIMAT0019806","hsa-miR-4706","PLAAT3","11145","ENSG00000176485","-0.331"
"targetscan","MIMAT0019806","hsa-miR-4706","","","ENSG00000262003","-0.331"
"targetscan","MIMAT0019806","hsa-miR-4706","GLO1","2739","ENSG00000124767","-0.331"
"targetscan","MIMAT0019806","hsa-miR-4706","CCDC106","29903","ENSG00000173581","-0.33"
"targetscan","MIMAT0019806","hsa-miR-4706","KPRP","448834","ENSG00000203786","-0.33"
"targetscan","MIMAT0019806","hsa-miR-4706","NTNG2","84628","ENSG00000196358","-0.33"
"targetscan","MIMAT0019806","hsa-miR-4706","PRSS22","64063","ENSG00000005001","-0.329"
"targetscan","MIMAT0019806","hsa-miR-4706","RAPGEF3","10411","ENSG00000079337","-0.329"
"targetscan","MIMAT0019806","hsa-miR-4706","TUBB4A","10382","ENSG00000104833","-0.329"
"targetscan","MIMAT0019806","hsa-miR-4706","EN2","2020","ENSG00000164778","-0.329"
"targetscan","MIMAT0019806","hsa-miR-4706","PIK3R2","5296","ENSG00000105647","-0.329"
"targetscan","MIMAT0019806","hsa-miR-4706","FFAR1","2864","ENSG00000126266","-0.329"
"targetscan","MIMAT0019806","hsa-miR-4706","CALU","813","ENSG00000128595","-0.329"
"targetscan","MIMAT0019806","hsa-miR-4706","PPTC7","160760","ENSG00000196850","-0.328"
"targetscan","MIMAT0019806","hsa-miR-4706","APOE","348","ENSG00000130203","-0.328"
"targetscan","MIMAT0019806","hsa-miR-4706","FIZ1","84922","ENSG00000179943","-0.328"
"targetscan","MIMAT0019806","hsa-miR-4706","RBCK1","10616","ENSG00000125826","-0.328"
"targetscan","MIMAT0019806","hsa-miR-4706","MGAT5","4249","ENSG00000152127","-0.328"
"targetscan","MIMAT0019806","hsa-miR-4706","ZBTB14","7541","ENSG00000198081","-0.328"
"targetscan","MIMAT0019806","hsa-miR-4706","SEPTIN2","4735","ENSG00000168385","-0.328"
"targetscan","MIMAT0019806","hsa-miR-4706","RAB43","339122","ENSG00000172780","-0.327"
"targetscan","MIMAT0019806","hsa-miR-4706","HHIPL1","84439","ENSG00000182218","-0.327"
"targetscan","MIMAT0019806","hsa-miR-4706","ZC3H12D","340152","ENSG00000178199","-0.327"
"targetscan","MIMAT0019806","hsa-miR-4706","PRRT1","80863","ENSG00000204314","-0.327"
"targetscan","MIMAT0019806","hsa-miR-4706","CENPP","401541","ENSG00000188312","-0.327"
"targetscan","MIMAT0019806","hsa-miR-4706","RFNG","5986","ENSG00000169733","-0.327"
"targetscan","MIMAT0019806","hsa-miR-4706","NUCB1","4924","ENSG00000104805","-0.327"
"targetscan","MIMAT0019806","hsa-miR-4706","ARHGEF6","9459","ENSG00000129675","-0.326"
"targetscan","MIMAT0019806","hsa-miR-4706","SLC9A3R2","9351","ENSG00000065054","-0.326"
"targetscan","MIMAT0019806","hsa-miR-4706","PPFIBP2","8495","ENSG00000166387","-0.326"
"targetscan","MIMAT0019806","hsa-miR-4706","UBE2G2","7327","ENSG00000184787","-0.326"
"targetscan","MIMAT0019806","hsa-miR-4706","NDRG1","10397","ENSG00000104419","-0.326"
"targetscan","MIMAT0019806","hsa-miR-4706","RPTOR","57521","ENSG00000141564","-0.326"
"targetscan","MIMAT0019806","hsa-miR-4706","CAMK2N2","94032","ENSG00000163888","-0.325"
"targetscan","MIMAT0019806","hsa-miR-4706","RTN2","6253","ENSG00000125744","-0.325"
"targetscan","MIMAT0019806","hsa-miR-4706","SPPL3","121665","ENSG00000157837","-0.325"
"targetscan","MIMAT0019806","hsa-miR-4706","HOXD11","3237","ENSG00000128713","-0.325"
"targetscan","MIMAT0019806","hsa-miR-4706","SH3GLB2","56904","ENSG00000148341","-0.324"
"targetscan","MIMAT0019806","hsa-miR-4706","CTRC","11330","ENSG00000162438","-0.324"
"targetscan","MIMAT0019806","hsa-miR-4706","IQSEC3","440073","ENSG00000120645","-0.324"
"targetscan","MIMAT0019806","hsa-miR-4706","IQSEC2","23096","ENSG00000124313","-0.323"
"targetscan","MIMAT0019806","hsa-miR-4706","MAP1LC3B","81631","ENSG00000140941","-0.323"
"targetscan","MIMAT0019806","hsa-miR-4706","RGS5","8490","ENSG00000143248","-0.323"
"targetscan","MIMAT0019806","hsa-miR-4706","TSSK6","83983","ENSG00000178093","-0.323"
"targetscan","MIMAT0019806","hsa-miR-4706","RAX","30062","ENSG00000134438","-0.322"
"targetscan","MIMAT0019806","hsa-miR-4706","RMND5A","64795","ENSG00000153561","-0.322"
"targetscan","MIMAT0019806","hsa-miR-4706","FGD5","152273","ENSG00000154783","-0.321"
"targetscan","MIMAT0019806","hsa-miR-4706","GRIN1","2902","ENSG00000176884","-0.321"
"targetscan","MIMAT0019806","hsa-miR-4706","SEMA6C","10500","ENSG00000143434","-0.321"
"targetscan","MIMAT0019806","hsa-miR-4706","RARA","5914","ENSG00000131759","-0.32"
"targetscan","MIMAT0019806","hsa-miR-4706","KCNG4","93107","ENSG00000168418","-0.32"
"targetscan","MIMAT0019806","hsa-miR-4706","ABLIM2","84448","ENSG00000163995","-0.32"
"targetscan","MIMAT0019806","hsa-miR-4706","CLIC5","53405","ENSG00000112782","-0.32"
"targetscan","MIMAT0019806","hsa-miR-4706","MRI1","84245","ENSG00000037757","-0.32"
"targetscan","MIMAT0019806","hsa-miR-4706","GNAI2","2771","ENSG00000114353","-0.319"
"targetscan","MIMAT0019806","hsa-miR-4706","LGI4","163175","ENSG00000153902","-0.319"
"targetscan","MIMAT0019806","hsa-miR-4706","WIPF3","644150","ENSG00000122574","-0.318"
"targetscan","MIMAT0019806","hsa-miR-4706","EGR3","1960","ENSG00000179388","-0.318"
"targetscan","MIMAT0019806","hsa-miR-4706","TRIM58","25893","ENSG00000162722","-0.318"
"targetscan","MIMAT0019806","hsa-miR-4706","KRT6C","286887","ENSG00000170465","-0.318"
"targetscan","MIMAT0019806","hsa-miR-4706","C6orf141","135398","ENSG00000197261","-0.317"
"targetscan","MIMAT0019806","hsa-miR-4706","ARL8A","127829","ENSG00000143862","-0.317"
"targetscan","MIMAT0019806","hsa-miR-4706","CDHR1","92211","ENSG00000148600","-0.317"
"targetscan","MIMAT0019806","hsa-miR-4706","TRIM46","80128","ENSG00000163462","-0.317"
"targetscan","MIMAT0019806","hsa-miR-4706","TRIM54","57159","ENSG00000138100","-0.317"
"targetscan","MIMAT0019806","hsa-miR-4706","PLD4","122618","ENSG00000166428","-0.317"
"targetscan","MIMAT0019806","hsa-miR-4706","SPATA46","284680","ENSG00000171722","-0.317"
"targetscan","MIMAT0019806","hsa-miR-4706","CNP","1267","ENSG00000173786","-0.316"
"targetscan","MIMAT0019806","hsa-miR-4706","AP005482.1","","ENSG00000215527","-0.316"
"targetscan","MIMAT0019806","hsa-miR-4706","KIAA0040","9674","ENSG00000235750","-0.316"
"targetscan","MIMAT0019806","hsa-miR-4706","TFEB","7942","ENSG00000112561","-0.316"
"targetscan","MIMAT0019806","hsa-miR-4706","PELI3","246330","ENSG00000174516","-0.316"
"targetscan","MIMAT0019806","hsa-miR-4706","LBH","81606","ENSG00000213626","-0.316"
"targetscan","MIMAT0019806","hsa-miR-4706","PCSK1N","27344","ENSG00000102109","-0.316"
"targetscan","MIMAT0019806","hsa-miR-4706","ANKRD52","283373","ENSG00000139645","-0.316"
"targetscan","MIMAT0019806","hsa-miR-4706","PMP2","5375","ENSG00000147588","-0.315"
"targetscan","MIMAT0019806","hsa-miR-4706","MELTF","4241","ENSG00000163975","-0.315"
"targetscan","MIMAT0019806","hsa-miR-4706","ORAI2","80228","ENSG00000160991","-0.315"
"targetscan","MIMAT0019806","hsa-miR-4706","PM20D2","135293","ENSG00000146281","-0.315"
"targetscan","MIMAT0019806","hsa-miR-4706","SLC13A5","284111","ENSG00000141485","-0.315"
"targetscan","MIMAT0019806","hsa-miR-4706","RPP25","54913","ENSG00000178718","-0.314"
"targetscan","MIMAT0019806","hsa-miR-4706","GOSR2","9570","ENSG00000108433","-0.314"
"targetscan","MIMAT0019806","hsa-miR-4706","RPA1","6117","ENSG00000132383","-0.314"
"targetscan","MIMAT0019806","hsa-miR-4706","UBR2","23304","ENSG00000024048","-0.314"
"targetscan","MIMAT0019806","hsa-miR-4706","ADAM8","101","ENSG00000151651","-0.314"
"targetscan","MIMAT0019806","hsa-miR-4706","NFIX","4784","ENSG00000008441","-0.314"
"targetscan","MIMAT0019806","hsa-miR-4706","BORCS6","54785","ENSG00000196544","-0.314"
"targetscan","MIMAT0019806","hsa-miR-4706","TNFRSF8","943","ENSG00000120949","-0.314"
"targetscan","MIMAT0019806","hsa-miR-4706","DLGAP4","22839","ENSG00000080845","-0.313"
"targetscan","MIMAT0019806","hsa-miR-4706","ZFP36L1","677","ENSG00000185650","-0.313"
"targetscan","MIMAT0019806","hsa-miR-4706","CASKIN1","57524","ENSG00000167971","-0.312"
"targetscan","MIMAT0019806","hsa-miR-4706","HRK","8739","ENSG00000135116","-0.312"
"targetscan","MIMAT0019806","hsa-miR-4706","KRT71","112802","ENSG00000139648","-0.312"
"targetscan","MIMAT0019806","hsa-miR-4706","ANK1","286","ENSG00000029534","-0.312"
"targetscan","MIMAT0019806","hsa-miR-4706","RCN3","57333","ENSG00000142552","-0.311"
"targetscan","MIMAT0019806","hsa-miR-4706","ADGRL1","22859","ENSG00000072071","-0.311"
"targetscan","MIMAT0019806","hsa-miR-4706","RBPMS","11030","ENSG00000157110","-0.311"
"targetscan","MIMAT0019806","hsa-miR-4706","MAD2L2","10459","ENSG00000116670","-0.311"
"targetscan","MIMAT0019806","hsa-miR-4706","BCAS2","10286","ENSG00000116752","-0.311"
"targetscan","MIMAT0019806","hsa-miR-4706","MYO1A","4640","ENSG00000166866","-0.311"
"targetscan","MIMAT0019806","hsa-miR-4706","TENT4A","11044","ENSG00000112941","-0.31"
"targetscan","MIMAT0019806","hsa-miR-4706","MAP1LC3A","84557","ENSG00000101460","-0.31"
"targetscan","MIMAT0019806","hsa-miR-4706","SLC35B2","347734","ENSG00000157593","-0.31"
"targetscan","MIMAT0019806","hsa-miR-4706","ACAP3","116983","ENSG00000131584","-0.31"
"targetscan","MIMAT0019806","hsa-miR-4706","SLC9A3","6550","ENSG00000066230","-0.31"
"targetscan","MIMAT0019806","hsa-miR-4706","BET1L","51272","ENSG00000177951","-0.31"
"targetscan","MIMAT0019806","hsa-miR-4706","TIMM44","10469","ENSG00000104980","-0.31"
"targetscan","MIMAT0019806","hsa-miR-4706","HCN4","10021","ENSG00000138622","-0.309"
"targetscan","MIMAT0019806","hsa-miR-4706","TRMT2A","27037","ENSG00000099899","-0.309"
"targetscan","MIMAT0019806","hsa-miR-4706","SKP1","6500","ENSG00000113558","-0.309"
"targetscan","MIMAT0019806","hsa-miR-4706","SLC48A1","55652","ENSG00000211584","-0.309"
"targetscan","MIMAT0019806","hsa-miR-4706","ELAVL3","1995","ENSG00000196361","-0.308"
"targetscan","MIMAT0019806","hsa-miR-4706","","","ENSG00000258989","-0.308"
"targetscan","MIMAT0019806","hsa-miR-4706","MCF2L","23263","ENSG00000126217","-0.308"
"targetscan","MIMAT0019806","hsa-miR-4706","ARHGEF1","9138","ENSG00000076928","-0.308"
"targetscan","MIMAT0019806","hsa-miR-4706","SYNDIG1L","646658","ENSG00000183379","-0.308"
"targetscan","MIMAT0019806","hsa-miR-4706","FNDC10","643988","ENSG00000228594","-0.307"
"targetscan","MIMAT0019806","hsa-miR-4706","NCKAP5L","57701","ENSG00000167566","-0.307"
"targetscan","MIMAT0019806","hsa-miR-4706","SERPINA1","5265","ENSG00000197249","-0.307"
"targetscan","MIMAT0019806","hsa-miR-4706","PIK3CD-AS1","","ENSG00000179840","-0.307"
"targetscan","MIMAT0019806","hsa-miR-4706","IRX3","79191","ENSG00000177508","-0.306"
"targetscan","MIMAT0019806","hsa-miR-4706","TMEM218","219854","ENSG00000150433","-0.306"
"targetscan","MIMAT0019806","hsa-miR-4706","CACNA2D2","9254","ENSG00000007402","-0.306"
"targetscan","MIMAT0019806","hsa-miR-4706","FOSL2","2355","ENSG00000075426","-0.306"
"targetscan","MIMAT0019806","hsa-miR-4706","ANO7","50636","ENSG00000146205","-0.306"
"targetscan","MIMAT0019806","hsa-miR-4706","PARVA","55742","ENSG00000197702","-0.306"
"targetscan","MIMAT0019806","hsa-miR-4706","LMAN2L","81562","ENSG00000114988","-0.305"
"targetscan","MIMAT0019806","hsa-miR-4706","CYB561","1534","ENSG00000008283","-0.305"
"targetscan","MIMAT0019806","hsa-miR-4706","IGHMBP2","3508","ENSG00000132740","-0.305"
"targetscan","MIMAT0019806","hsa-miR-4706","MXD4","10608","ENSG00000123933","-0.305"
"targetscan","MIMAT0019806","hsa-miR-4706","ACPP","55","ENSG00000014257","-0.305"
"targetscan","MIMAT0019806","hsa-miR-4706","WBP1L","102724307","ENSG00000166272","-0.305"
"targetscan","MIMAT0019806","hsa-miR-4706","WBP1L","54838","ENSG00000166272","-0.305"
"targetscan","MIMAT0019806","hsa-miR-4706","TVP23A","780776","ENSG00000166676","-0.304"
"targetscan","MIMAT0019806","hsa-miR-4706","PHOSPHO1","162466","ENSG00000173868","-0.304"
"targetscan","MIMAT0019806","hsa-miR-4706","HARS1","3035","ENSG00000170445","-0.304"
"targetscan","MIMAT0019806","hsa-miR-4706","TAFA5","25817","ENSG00000219438","-0.303"
"targetscan","MIMAT0019806","hsa-miR-4706","SURF6","6838","ENSG00000148296","-0.303"
"targetscan","MIMAT0019806","hsa-miR-4706","LRWD1","222229","ENSG00000161036","-0.303"
"targetscan","MIMAT0019806","hsa-miR-4706","SIRT6","51548","ENSG00000077463","-0.303"
"targetscan","MIMAT0019806","hsa-miR-4706","CLDN23","137075","ENSG00000253958","-0.303"
"targetscan","MIMAT0019806","hsa-miR-4706","NXF2B","","ENSG00000185945","-0.303"
"targetscan","MIMAT0019806","hsa-miR-4706","GDAP1L1","78997","ENSG00000124194","-0.303"
"targetscan","MIMAT0019806","hsa-miR-4706","WNT1","7471","ENSG00000125084","-0.303"
"targetscan","MIMAT0019806","hsa-miR-4706","GPR156","165829","ENSG00000175697","-0.303"
"targetscan","MIMAT0019806","hsa-miR-4706","PRC1","9055","ENSG00000198901","-0.302"
"targetscan","MIMAT0019806","hsa-miR-4706","C10orf105","414152","ENSG00000214688","-0.302"
"targetscan","MIMAT0019806","hsa-miR-4706","RFX2","5990","ENSG00000087903","-0.302"
"targetscan","MIMAT0019806","hsa-miR-4706","FKBP7","51661","ENSG00000079150","-0.302"
"targetscan","MIMAT0019806","hsa-miR-4706","GRB2","2885","ENSG00000177885","-0.302"
"targetscan","MIMAT0019806","hsa-miR-4706","DYRK3","8444","ENSG00000143479","-0.302"
"targetscan","MIMAT0019806","hsa-miR-4706","DIRAS1","148252","ENSG00000176490","-0.302"
"targetscan","MIMAT0019806","hsa-miR-4706","SKOR1","390598","ENSG00000188779","-0.301"
"targetscan","MIMAT0019806","hsa-miR-4706","TUBB4A","10382","ENSG00000104833","-0.301"
"targetscan","MIMAT0019806","hsa-miR-4706","ATG9B","285973","ENSG00000181652","-0.301"
"targetscan","MIMAT0019806","hsa-miR-4706","SLC17A7","57030","ENSG00000104888","-0.301"
"targetscan","MIMAT0019806","hsa-miR-4706","COL6A2","1292","ENSG00000142173","-0.301"
"targetscan","MIMAT0019806","hsa-miR-4706","TTYH3","80727","ENSG00000136295","-0.3"
"targetscan","MIMAT0019806","hsa-miR-4706","DUSP14","","ENSG00000161326","-0.3"
"targetscan","MIMAT0019806","hsa-miR-4706","VAT1","10493","ENSG00000108828","-0.3"
"targetscan","MIMAT0019806","hsa-miR-4706","LIMS2","55679","ENSG00000072163","-0.3"
"targetscan","MIMAT0019806","hsa-miR-4706","CCM2","83605","ENSG00000136280","-0.3"
"targetscan","MIMAT0019806","hsa-miR-4706","RCN1","5954","ENSG00000049449","-0.3"
"targetscan","MIMAT0019806","hsa-miR-4706","YPEL3","83719","ENSG00000090238","-0.299"
"targetscan","MIMAT0019806","hsa-miR-4706","ZCCHC24","219654","ENSG00000165424","-0.299"
"targetscan","MIMAT0019806","hsa-miR-4706","CCDC120","90060","ENSG00000147144","-0.299"
"targetscan","MIMAT0019806","hsa-miR-4706","PTOV1","53635","ENSG00000104960","-0.299"
"targetscan","MIMAT0019806","hsa-miR-4706","SOX12","6666","ENSG00000177732","-0.299"
"targetscan","MIMAT0019806","hsa-miR-4706","FNDC10","643988","ENSG00000228594","-0.299"
"targetscan","MIMAT0019806","hsa-miR-4706","RALGPS1","9649","ENSG00000136828","-0.299"
"targetscan","MIMAT0019806","hsa-miR-4706","THAP7","80764","ENSG00000184436","-0.299"
"targetscan","MIMAT0019806","hsa-miR-4706","MUC21","394263","ENSG00000204544","-0.298"
"targetscan","MIMAT0019806","hsa-miR-4706","DERL3","91319","ENSG00000099958","-0.298"
"targetscan","MIMAT0019806","hsa-miR-4706","PLD3","23646","ENSG00000105223","-0.298"
"targetscan","MIMAT0019806","hsa-miR-4706","PHETA2","150368","ENSG00000177096","-0.298"
"targetscan","MIMAT0019806","hsa-miR-4706","CBX4","8535","ENSG00000141582","-0.298"
"targetscan","MIMAT0019806","hsa-miR-4706","GPER1","2852","ENSG00000164850","-0.298"
"targetscan","MIMAT0019806","hsa-miR-4706","AC006486.1","","ENSG00000204957","-0.298"
"targetscan","MIMAT0019806","hsa-miR-4706","PGF","5228","ENSG00000119630","-0.297"
"targetscan","MIMAT0019806","hsa-miR-4706","ZFHX2","85446","ENSG00000136367","-0.297"
"targetscan","MIMAT0019806","hsa-miR-4706","PIK3R5","23533","ENSG00000141506","-0.297"
"targetscan","MIMAT0019806","hsa-miR-4706","SREBF2","6721","ENSG00000198911","-0.297"
"targetscan","MIMAT0019806","hsa-miR-4706","AC138655.1","","ENSG00000269563","-0.297"
"targetscan","MIMAT0019806","hsa-miR-4706","CTDSP1","58190","ENSG00000144579","-0.297"
"targetscan","MIMAT0019806","hsa-miR-4706","ATP6V0A1","535","ENSG00000033627","-0.297"
"targetscan","MIMAT0019806","hsa-miR-4706","INPPL1","3636","ENSG00000165458","-0.297"
"targetscan","MIMAT0019806","hsa-miR-4706","NDUFA11","126328","ENSG00000174886","-0.297"
"targetscan","MIMAT0019806","hsa-miR-4706","","","ENSG00000267157","-0.297"
"targetscan","MIMAT0019806","hsa-miR-4706","GTF3C4","9329","ENSG00000125484","-0.296"
"targetscan","MIMAT0019806","hsa-miR-4706","CCNYL1","151195","ENSG00000163249","-0.296"
"targetscan","MIMAT0019806","hsa-miR-4706","ZBTB25","7597","ENSG00000089775","-0.296"
"targetscan","MIMAT0019806","hsa-miR-4706","MYO1E","4643","ENSG00000157483","-0.296"
"targetscan","MIMAT0019806","hsa-miR-4706","TFR2","7036","ENSG00000106327","-0.296"
"targetscan","MIMAT0019806","hsa-miR-4706","TSNARE1","203062","ENSG00000171045","-0.296"
"targetscan","MIMAT0019806","hsa-miR-4706","TIGD2","166815","ENSG00000180346","-0.296"
"targetscan","MIMAT0019806","hsa-miR-4706","LRTM2","654429","ENSG00000166159","-0.296"
"targetscan","MIMAT0019806","hsa-miR-4706","USP40","55230","ENSG00000085982","-0.295"
"targetscan","MIMAT0019806","hsa-miR-4706","TIMELESS","8914","ENSG00000111602","-0.295"
"targetscan","MIMAT0019806","hsa-miR-4706","OLIG1","116448","ENSG00000184221","-0.295"
"targetscan","MIMAT0019806","hsa-miR-4706","TOX","9760","ENSG00000198846","-0.294"
"targetscan","MIMAT0019806","hsa-miR-4706","ASCC1","51008","ENSG00000138303","-0.294"
"targetscan","MIMAT0019806","hsa-miR-4706","EXTL1","2134","ENSG00000158008","-0.294"
"targetscan","MIMAT0019806","hsa-miR-4706","TNS2","23371","ENSG00000111077","-0.294"
"targetscan","MIMAT0019806","hsa-miR-4706","EZH1","2145","ENSG00000108799","-0.294"
"targetscan","MIMAT0019806","hsa-miR-4706","TNN","63923","ENSG00000120332","-0.294"
"targetscan","MIMAT0019806","hsa-miR-4706","ZFP3","124961","ENSG00000180787","-0.294"
"targetscan","MIMAT0019806","hsa-miR-4706","RAB35","11021","ENSG00000111737","-0.294"
"targetscan","MIMAT0019806","hsa-miR-4706","SHH","6469","ENSG00000164690","-0.294"
"targetscan","MIMAT0019806","hsa-miR-4706","CNP","1267","ENSG00000173786","-0.294"
"targetscan","MIMAT0019806","hsa-miR-4706","TSKU","25987","ENSG00000182704","-0.293"
"targetscan","MIMAT0019806","hsa-miR-4706","ITPRIPL2","162073","ENSG00000205730","-0.293"
"targetscan","MIMAT0019806","hsa-miR-4706","VGLL4","9686","ENSG00000144560","-0.293"
"targetscan","MIMAT0019806","hsa-miR-4706","ORAI2","80228","ENSG00000160991","-0.293"
"targetscan","MIMAT0019806","hsa-miR-4706","HOXD11","3237","ENSG00000128713","-0.293"
"targetscan","MIMAT0019806","hsa-miR-4706","ADAMTS4","9507","ENSG00000158859","-0.293"
"targetscan","MIMAT0019806","hsa-miR-4706","RNF24","11237","ENSG00000101236","-0.292"
"targetscan","MIMAT0019806","hsa-miR-4706","FAM227A","646851","ENSG00000184949","-0.292"
"targetscan","MIMAT0019806","hsa-miR-4706","C12orf49","79794","ENSG00000111412","-0.292"
"targetscan","MIMAT0019806","hsa-miR-4706","METTL27","155368","ENSG00000165171","-0.292"
"targetscan","MIMAT0019806","hsa-miR-4706","SUGP1","57794","ENSG00000105705","-0.292"
"targetscan","MIMAT0019806","hsa-miR-4706","SIRT6","51548","ENSG00000077463","-0.291"
"targetscan","MIMAT0019806","hsa-miR-4706","PLIN1","5346","ENSG00000166819","-0.291"
"targetscan","MIMAT0019806","hsa-miR-4706","LHFPL4","375323","ENSG00000156959","-0.291"
"targetscan","MIMAT0019806","hsa-miR-4706","STK35","140901","ENSG00000125834","-0.291"
"targetscan","MIMAT0019806","hsa-miR-4706","SPEF1","25876","ENSG00000101222","-0.291"
"targetscan","MIMAT0019806","hsa-miR-4706","LHFPL1","340596","ENSG00000182508","-0.29"
"targetscan","MIMAT0019806","hsa-miR-4706","ZIC2","7546","ENSG00000043355","-0.29"
"targetscan","MIMAT0019806","hsa-miR-4706","DGKD","8527","ENSG00000077044","-0.29"
"targetscan","MIMAT0019806","hsa-miR-4706","VAV3","10451","ENSG00000134215","-0.29"
"targetscan","MIMAT0019806","hsa-miR-4706","PIAS2","9063","ENSG00000078043","-0.29"
"targetscan","MIMAT0019806","hsa-miR-4706","RAB5C","5878","ENSG00000108774","-0.29"
"targetscan","MIMAT0019806","hsa-miR-4706","KIF26A","26153","ENSG00000066735","-0.289"
"targetscan","MIMAT0019806","hsa-miR-4706","MSI1","4440","ENSG00000135097","-0.289"
"targetscan","MIMAT0019806","hsa-miR-4706","HLCS","3141","ENSG00000159267","-0.289"
"targetscan","MIMAT0019806","hsa-miR-4706","RAB40A","142684","ENSG00000172476","-0.289"
"targetscan","MIMAT0019806","hsa-miR-4706","KMT5A","387893","ENSG00000183955","-0.289"
"targetscan","MIMAT0019806","hsa-miR-4706","EPHA10","284656","ENSG00000183317","-0.289"
"targetscan","MIMAT0019806","hsa-miR-4706","GP1BB","2812","ENSG00000203618","-0.288"
"targetscan","MIMAT0019806","hsa-miR-4706","TULP1","7287","ENSG00000112041","-0.288"
"targetscan","MIMAT0019806","hsa-miR-4706","TMEM59L","25789","ENSG00000105696","-0.288"
"targetscan","MIMAT0019806","hsa-miR-4706","CNN2","1265","ENSG00000064666","-0.288"
"targetscan","MIMAT0019806","hsa-miR-4706","HPCAL1","3241","ENSG00000115756","-0.288"
"targetscan","MIMAT0019806","hsa-miR-4706","PGPEP1","54858","ENSG00000130517","-0.288"
"targetscan","MIMAT0019806","hsa-miR-4706","RGS16","6004","ENSG00000143333","-0.288"
"targetscan","MIMAT0019806","hsa-miR-4706","PRKACA","5566","ENSG00000072062","-0.287"
"targetscan","MIMAT0019806","hsa-miR-4706","TSPYL4","23270","ENSG00000187189","-0.287"
"targetscan","MIMAT0019806","hsa-miR-4706","C1QTNF1","114897","ENSG00000173918","-0.287"
"targetscan","MIMAT0019806","hsa-miR-4706","ATP1A2","477","ENSG00000018625","-0.287"
"targetscan","MIMAT0019806","hsa-miR-4706","PAOX","196743","ENSG00000148832","-0.287"
"targetscan","MIMAT0019806","hsa-miR-4706","PLEKHO2","80301","ENSG00000241839","-0.287"
"targetscan","MIMAT0019806","hsa-miR-4706","WDR3","10885","ENSG00000065183","-0.287"
"targetscan","MIMAT0019806","hsa-miR-4706","DGAT1","8694","ENSG00000185000","-0.287"
"targetscan","MIMAT0019806","hsa-miR-4706","GPER1","2852","ENSG00000164850","-0.286"
"targetscan","MIMAT0019806","hsa-miR-4706","NINL","22981","ENSG00000101004","-0.286"
"targetscan","MIMAT0019806","hsa-miR-4706","IL17C","27189","ENSG00000124391","-0.286"
"targetscan","MIMAT0019806","hsa-miR-4706","CTNNBL1","56259","ENSG00000132792","-0.286"
"targetscan","MIMAT0019806","hsa-miR-4706","ATP2B2","491","ENSG00000157087","-0.286"
"targetscan","MIMAT0019806","hsa-miR-4706","PKD1","5310","ENSG00000008710","-0.285"
"targetscan","MIMAT0019806","hsa-miR-4706","GRB10","2887","ENSG00000106070","-0.285"
"targetscan","MIMAT0019806","hsa-miR-4706","DISP3","57540","ENSG00000204624","-0.285"
"targetscan","MIMAT0019806","hsa-miR-4706","TSPYL2","64061","ENSG00000184205","-0.285"
"targetscan","MIMAT0019806","hsa-miR-4706","DLGAP4","22839","ENSG00000080845","-0.285"
"targetscan","MIMAT0019806","hsa-miR-4706","OLFM1","10439","ENSG00000130558","-0.285"
"targetscan","MIMAT0019806","hsa-miR-4706","FAM53B","9679","ENSG00000189319","-0.285"
"targetscan","MIMAT0019806","hsa-miR-4706","ZNF490","57474","ENSG00000188033","-0.285"
"targetscan","MIMAT0019806","hsa-miR-4706","TMEM134","80194","ENSG00000172663","-0.285"
"targetscan","MIMAT0019806","hsa-miR-4706","CD40","958","ENSG00000101017","-0.285"
"targetscan","MIMAT0019806","hsa-miR-4706","SFTPB","6439","ENSG00000168878","-0.285"
"targetscan","MIMAT0019806","hsa-miR-4706","VANGL2","57216","ENSG00000162738","-0.284"
"targetscan","MIMAT0019806","hsa-miR-4706","CPTP","80772","ENSG00000224051","-0.284"
"targetscan","MIMAT0019806","hsa-miR-4706","C15orf39","56905","ENSG00000167173","-0.284"
"targetscan","MIMAT0019806","hsa-miR-4706","TNNI1","7135","ENSG00000159173","-0.284"
"targetscan","MIMAT0019806","hsa-miR-4706","MYH9","4627","ENSG00000100345","-0.284"
"targetscan","MIMAT0019806","hsa-miR-4706","ADAMTSL1","92949","ENSG00000178031","-0.284"
"targetscan","MIMAT0019806","hsa-miR-4706","PLIN4","729359","ENSG00000167676","-0.284"
"targetscan","MIMAT0019806","hsa-miR-4706","IQSEC2","23096","ENSG00000124313","-0.284"
"targetscan","MIMAT0019806","hsa-miR-4706","KIAA0556","23247","ENSG00000047578","-0.284"
"targetscan","MIMAT0019806","hsa-miR-4706","PRRT1","80863","ENSG00000204314","-0.284"
"targetscan","MIMAT0019806","hsa-miR-4706","FBXL16","146330","ENSG00000127585","-0.283"
"targetscan","MIMAT0019806","hsa-miR-4706","MIR1915HG","","ENSG00000204682","-0.283"
"targetscan","MIMAT0019806","hsa-miR-4706","SLC7A8","23428","ENSG00000092068","-0.283"
"targetscan","MIMAT0019806","hsa-miR-4706","CTU1","90353","ENSG00000142544","-0.283"
"targetscan","MIMAT0019806","hsa-miR-4706","CCL22","6367","ENSG00000102962","-0.283"
"targetscan","MIMAT0019806","hsa-miR-4706","LRATD1","151354","ENSG00000162981","-0.283"
"targetscan","MIMAT0019806","hsa-miR-4706","IKZF1","10320","ENSG00000185811","-0.283"
"targetscan","MIMAT0019806","hsa-miR-4706","SOX1","6656","ENSG00000182968","-0.283"
"targetscan","MIMAT0019806","hsa-miR-4706","HOXD3","3232","ENSG00000128652","-0.283"
"targetscan","MIMAT0019806","hsa-miR-4706","REEP2","51308","ENSG00000132563","-0.283"
"targetscan","MIMAT0019806","hsa-miR-4706","TEKT1","83659","ENSG00000167858","-0.282"
"targetscan","MIMAT0019806","hsa-miR-4706","MT1A","4489","ENSG00000205362","-0.282"
"targetscan","MIMAT0019806","hsa-miR-4706","GINS2","51659","ENSG00000131153","-0.282"
"targetscan","MIMAT0019806","hsa-miR-4706","NPAS4","266743","ENSG00000174576","-0.282"
"targetscan","MIMAT0019806","hsa-miR-4706","KIF21B","23046","ENSG00000116852","-0.282"
"targetscan","MIMAT0019806","hsa-miR-4706","ZNF385A","25946","ENSG00000161642","-0.281"
"targetscan","MIMAT0019806","hsa-miR-4706","PGS1","9489","ENSG00000087157","-0.281"
"targetscan","MIMAT0019806","hsa-miR-4706","ETV6","2120","ENSG00000139083","-0.281"
"targetscan","MIMAT0019806","hsa-miR-4706","MNX1","3110","ENSG00000130675","-0.281"
"targetscan","MIMAT0019806","hsa-miR-4706","PORCN","64840","ENSG00000102312","-0.281"
"targetscan","MIMAT0019806","hsa-miR-4706","HLCS","3141","ENSG00000159267","-0.281"
"targetscan","MIMAT0019806","hsa-miR-4706","RAB35","11021","ENSG00000111737","-0.281"
"targetscan","MIMAT0019806","hsa-miR-4706","NTNG2","84628","ENSG00000196358","-0.281"
"targetscan","MIMAT0019806","hsa-miR-4706","PCNX2","80003","ENSG00000135749","-0.281"
"targetscan","MIMAT0019806","hsa-miR-4706","CDH11","1009","ENSG00000140937","-0.281"
"targetscan","MIMAT0019806","hsa-miR-4706","LINC02693","","ENSG00000212719","-0.281"
"targetscan","MIMAT0019806","hsa-miR-4706","NRXN3","9369","ENSG00000021645","-0.281"
"targetscan","MIMAT0019806","hsa-miR-4706","LGI3","203190","ENSG00000168481","-0.281"
"targetscan","MIMAT0019806","hsa-miR-4706","RIMS4","140730","ENSG00000101098","-0.28"
"targetscan","MIMAT0019806","hsa-miR-4706","PCSK6","5046","ENSG00000140479","-0.28"
"targetscan","MIMAT0019806","hsa-miR-4706","MED7","9443","ENSG00000155868","-0.28"
"targetscan","MIMAT0019806","hsa-miR-4706","IGF2","3481","ENSG00000167244","-0.28"
"targetscan","MIMAT0019806","hsa-miR-4706","AC140061.12","","ENSG00000269529","-0.28"
"targetscan","MIMAT0019806","hsa-miR-4706","NALCN","259232","ENSG00000102452","-0.28"
"targetscan","MIMAT0019806","hsa-miR-4706","ZNF747","65988","ENSG00000169955","-0.279"
"targetscan","MIMAT0019806","hsa-miR-4706","HDAC10","83933","ENSG00000100429","-0.279"
"targetscan","MIMAT0019806","hsa-miR-4706","TBC1D3","","ENSG00000197681","-0.279"
"targetscan","MIMAT0019806","hsa-miR-4706","TBC1D3F","","ENSG00000185128","-0.279"
"targetscan","MIMAT0019806","hsa-miR-4706","GPSM1","26086","ENSG00000160360","-0.279"
"targetscan","MIMAT0019806","hsa-miR-4706","ATP1A4","480","ENSG00000132681","-0.279"
"targetscan","MIMAT0019806","hsa-miR-4706","ARFRP1","10139","ENSG00000101246","-0.279"
"targetscan","MIMAT0019806","hsa-miR-4706","PRKRIP1","79706","ENSG00000128563","-0.279"
"targetscan","MIMAT0019806","hsa-miR-4706","DPYSL5","56896","ENSG00000157851","-0.279"
"targetscan","MIMAT0019806","hsa-miR-4706","PLOD3","8985","ENSG00000106397","-0.279"
"targetscan","MIMAT0019806","hsa-miR-4706","MOGAT3","346606","ENSG00000106384","-0.279"
"targetscan","MIMAT0019806","hsa-miR-4706","AC010327.2","","ENSG00000269808","-0.278"
"targetscan","MIMAT0019806","hsa-miR-4706","ALPL","249","ENSG00000162551","-0.278"
"targetscan","MIMAT0019806","hsa-miR-4706","HSPB3","8988","ENSG00000169271","-0.278"
"targetscan","MIMAT0019806","hsa-miR-4706","ST20-AS1","","ENSG00000259642","-0.278"
"targetscan","MIMAT0019806","hsa-miR-4706","ST6GAL1","6480","ENSG00000073849","-0.278"
"targetscan","MIMAT0019806","hsa-miR-4706","SLC39A13","91252","ENSG00000165915","-0.278"
"targetscan","MIMAT0019806","hsa-miR-4706","BIN1","274","ENSG00000136717","-0.278"
"targetscan","MIMAT0019806","hsa-miR-4706","SLC6A1","6529","ENSG00000157103","-0.278"
"targetscan","MIMAT0019806","hsa-miR-4706","FADS2","9415","ENSG00000134824","-0.278"
"targetscan","MIMAT0019806","hsa-miR-4706","FOXRED2","80020","ENSG00000100350","-0.277"
"targetscan","MIMAT0019806","hsa-miR-4706","GPSM3","63940","ENSG00000213654","-0.277"
"targetscan","MIMAT0019806","hsa-miR-4706","LTBP4","8425","ENSG00000090006","-0.277"
"targetscan","MIMAT0019806","hsa-miR-4706","KLHL26","55295","ENSG00000167487","-0.277"
"targetscan","MIMAT0019806","hsa-miR-4706","SLITRK1","114798","ENSG00000178235","-0.277"
"targetscan","MIMAT0019806","hsa-miR-4706","GAD2","2572","ENSG00000136750","-0.277"
"targetscan","MIMAT0019806","hsa-miR-4706","GSC2","2928","ENSG00000063515","-0.277"
"targetscan","MIMAT0019806","hsa-miR-4706","FZD10","11211","ENSG00000111432","-0.277"
"targetscan","MIMAT0019806","hsa-miR-4706","PMEPA1","56937","ENSG00000124225","-0.277"
"targetscan","MIMAT0019806","hsa-miR-4706","SNAP29","9342","ENSG00000099940","-0.277"
"targetscan","MIMAT0019806","hsa-miR-4706","MICOS10-NBL1","","ENSG00000270136","-0.276"
"targetscan","MIMAT0019806","hsa-miR-4706","LRCH4","4034","ENSG00000077454","-0.276"
"targetscan","MIMAT0019806","hsa-miR-4706","","","ENSG00000262660","-0.276"
"targetscan","MIMAT0019806","hsa-miR-4706","NDOR1","27158","ENSG00000188566","-0.276"
"targetscan","MIMAT0019806","hsa-miR-4706","GIGYF1","64599","ENSG00000146830","-0.276"
"targetscan","MIMAT0019806","hsa-miR-4706","HS6ST1","9394","ENSG00000136720","-0.276"
"targetscan","MIMAT0019806","hsa-miR-4706","B4GALNT3","283358","ENSG00000139044","-0.276"
"targetscan","MIMAT0019806","hsa-miR-4706","TRAF3","7187","ENSG00000131323","-0.276"
"targetscan","MIMAT0019806","hsa-miR-4706","UBAC1","10422","ENSG00000130560","-0.276"
"targetscan","MIMAT0019806","hsa-miR-4706","DOHH","83475","ENSG00000129932","-0.276"
"targetscan","MIMAT0019806","hsa-miR-4706","STN1","79991","ENSG00000107960","-0.275"
"targetscan","MIMAT0019806","hsa-miR-4706","EIF1AD","84285","ENSG00000175376","-0.275"
"targetscan","MIMAT0019806","hsa-miR-4706","GPR173","54328","ENSG00000184194","-0.275"
"targetscan","MIMAT0019806","hsa-miR-4706","NKD2","85409","ENSG00000145506","-0.275"
"targetscan","MIMAT0019806","hsa-miR-4706","FGFRL1","53834","ENSG00000127418","-0.275"
"targetscan","MIMAT0019806","hsa-miR-4706","GHDC","84514","ENSG00000167925","-0.275"
"targetscan","MIMAT0019806","hsa-miR-4706","SLC7A5","8140","ENSG00000103257","-0.275"
"targetscan","MIMAT0019806","hsa-miR-4706","PTPN5","84867","ENSG00000110786","-0.275"
"targetscan","MIMAT0019806","hsa-miR-4706","MLLT6","","ENSG00000108292","-0.275"
"targetscan","MIMAT0019806","hsa-miR-4706","ERF","2077","ENSG00000105722","-0.275"
"targetscan","MIMAT0019806","hsa-miR-4706","TFAP2B","7021","ENSG00000008196","-0.275"
"targetscan","MIMAT0019806","hsa-miR-4706","DMWD","1762","ENSG00000185800","-0.274"
"targetscan","MIMAT0019806","hsa-miR-4706","THY1","7070","ENSG00000154096","-0.274"
"targetscan","MIMAT0019806","hsa-miR-4706","GBX2","2637","ENSG00000168505","-0.274"
"targetscan","MIMAT0019806","hsa-miR-4706","EEF1A2","1917","ENSG00000101210","-0.274"
"targetscan","MIMAT0019806","hsa-miR-4706","ANKRD52","283373","ENSG00000139645","-0.274"
"targetscan","MIMAT0019806","hsa-miR-4706","BACE1","23621","ENSG00000186318","-0.274"
"targetscan","MIMAT0019806","hsa-miR-4706","KAZALD1","81621","ENSG00000107821","-0.274"
"targetscan","MIMAT0019806","hsa-miR-4706","SCN1B","6324","ENSG00000105711","-0.274"
"targetscan","MIMAT0019806","hsa-miR-4706","TMUB1","83590","ENSG00000164897","-0.274"
"targetscan","MIMAT0019806","hsa-miR-4706","H2AX","3014","ENSG00000188486","-0.273"
"targetscan","MIMAT0019806","hsa-miR-4706","PADI1","29943","ENSG00000142623","-0.273"
"targetscan","MIMAT0019806","hsa-miR-4706","MSC-AS1","","ENSG00000235531","-0.273"
"targetscan","MIMAT0019806","hsa-miR-4706","ATXN7L3","56970","ENSG00000087152","-0.273"
"targetscan","MIMAT0019806","hsa-miR-4706","RAB8B","51762","ENSG00000166128","-0.273"
"targetscan","MIMAT0019806","hsa-miR-4706","SLC2A4RG","56731","ENSG00000125520","-0.272"
"targetscan","MIMAT0019806","hsa-miR-4706","PLEKHO1","51177","ENSG00000023902","-0.272"
"targetscan","MIMAT0019806","hsa-miR-4706","SEPTIN6","23157","ENSG00000125354","-0.272"
"targetscan","MIMAT0019806","hsa-miR-4706","SCN1B","6324","ENSG00000105711","-0.272"
"targetscan","MIMAT0019806","hsa-miR-4706","NR5A1","2516","ENSG00000136931","-0.272"
"targetscan","MIMAT0019806","hsa-miR-4706","STX17","55014","ENSG00000136874","-0.272"
"targetscan","MIMAT0019806","hsa-miR-4706","CYP8B1","1582","ENSG00000180432","-0.272"
"targetscan","MIMAT0019806","hsa-miR-4706","FARP1","10160","ENSG00000152767","-0.271"
"targetscan","MIMAT0019806","hsa-miR-4706","MIEF2","125170","ENSG00000177427","-0.271"
"targetscan","MIMAT0019806","hsa-miR-4706","EIF2AK1","27102","ENSG00000086232","-0.271"
"targetscan","MIMAT0019806","hsa-miR-4706","SFRP1","6422","ENSG00000104332","-0.27"
"targetscan","MIMAT0019806","hsa-miR-4706","RBM38","55544","ENSG00000132819","-0.27"
"targetscan","MIMAT0019806","hsa-miR-4706","BOK","666","ENSG00000176720","-0.27"
"targetscan","MIMAT0019806","hsa-miR-4706","N4BP3","23138","ENSG00000145911","-0.27"
"targetscan","MIMAT0019806","hsa-miR-4706","LHX3","8022","ENSG00000107187","-0.27"
"targetscan","MIMAT0019806","hsa-miR-4706","NPHP4","261734","ENSG00000131697","-0.27"
"targetscan","MIMAT0019806","hsa-miR-4706","ARL6IP4","51329","ENSG00000182196","-0.27"
"targetscan","MIMAT0019806","hsa-miR-4706","MAFA","389692","ENSG00000182759","-0.27"
"targetscan","MIMAT0019806","hsa-miR-4706","STX1A","6804","ENSG00000106089","-0.269"
"targetscan","MIMAT0019806","hsa-miR-4706","PPP2R5B","5526","ENSG00000068971","-0.269"
"targetscan","MIMAT0019806","hsa-miR-4706","UBL4A","8266","ENSG00000102178","-0.269"
"targetscan","MIMAT0019806","hsa-miR-4706","RFT1","91869","ENSG00000163933","-0.269"
"targetscan","MIMAT0019806","hsa-miR-4706","NBL1","100532736","ENSG00000158747","-0.269"
"targetscan","MIMAT0019806","hsa-miR-4706","SECTM1","6398","ENSG00000141574","-0.269"
"targetscan","MIMAT0019806","hsa-miR-4706","NBL1","4681","ENSG00000158747","-0.269"
"targetscan","MIMAT0019806","hsa-miR-4706","MED22","6837","ENSG00000148297","-0.269"
"targetscan","MIMAT0019806","hsa-miR-4706","OPN4","94233","ENSG00000122375","-0.269"
"targetscan","MIMAT0019806","hsa-miR-4706","KIAA0930","23313","ENSG00000100364","-0.269"
"targetscan","MIMAT0019806","hsa-miR-4706","GPC1","2817","ENSG00000063660","-0.269"
"targetscan","MIMAT0019806","hsa-miR-4706","NKIRAS2","28511","ENSG00000168256","-0.268"
"targetscan","MIMAT0019806","hsa-miR-4706","GNB1","2782","ENSG00000078369","-0.268"
"targetscan","MIMAT0019806","hsa-miR-4706","GALNT17","64409","ENSG00000185274","-0.268"
"targetscan","MIMAT0019806","hsa-miR-4706","FNIP2","57600","ENSG00000052795","-0.268"
"targetscan","MIMAT0019806","hsa-miR-4706","KCND1","3750","ENSG00000102057","-0.268"
"targetscan","MIMAT0019806","hsa-miR-4706","STK40","83931","ENSG00000196182","-0.267"
"targetscan","MIMAT0019806","hsa-miR-4706","SHFL","55337","ENSG00000130813","-0.267"
"targetscan","MIMAT0019806","hsa-miR-4706","PMEPA1","56937","ENSG00000124225","-0.267"
"targetscan","MIMAT0019806","hsa-miR-4706","TESC","54997","ENSG00000088992","-0.267"
"targetscan","MIMAT0019806","hsa-miR-4706","VWDE","221806","ENSG00000146530","-0.267"
"targetscan","MIMAT0019806","hsa-miR-4706","DDX23","9416","ENSG00000174243","-0.267"
"targetscan","MIMAT0019806","hsa-miR-4706","ADAP1","11033","ENSG00000105963","-0.267"
"targetscan","MIMAT0019806","hsa-miR-4706","KCTD12","115207","ENSG00000178695","-0.267"
"targetscan","MIMAT0019806","hsa-miR-4706","H3C15","333932","ENSG00000203852","-0.266"
"targetscan","MIMAT0019806","hsa-miR-4706","RTL10","79680","ENSG00000215012","-0.266"
"targetscan","MIMAT0019806","hsa-miR-4706","C17orf96","","ENSG00000179294","-0.266"
"targetscan","MIMAT0019806","hsa-miR-4706","TRIM11","81559","ENSG00000154370","-0.266"
"targetscan","MIMAT0019806","hsa-miR-4706","H3C14","126961","ENSG00000203811","-0.266"
"targetscan","MIMAT0019806","hsa-miR-4706","C7orf26","79034","ENSG00000146576","-0.265"
"targetscan","MIMAT0019806","hsa-miR-4706","SLC9A3R2","9351","ENSG00000065054","-0.265"
"targetscan","MIMAT0019806","hsa-miR-4706","CDH23","64072","ENSG00000107736","-0.265"
"targetscan","MIMAT0019806","hsa-miR-4706","DNAJC16","23341","ENSG00000116138","-0.265"
"targetscan","MIMAT0019806","hsa-miR-4706","TSPAN18","90139","ENSG00000157570","-0.265"
"targetscan","MIMAT0019806","hsa-miR-4706","POLM","27434","ENSG00000122678","-0.265"
"targetscan","MIMAT0019806","hsa-miR-4706","PACSIN2","11252","ENSG00000100266","-0.265"
"targetscan","MIMAT0019806","hsa-miR-4706","DPP9","91039","ENSG00000142002","-0.265"
"targetscan","MIMAT0019806","hsa-miR-4706","SORBS3","10174","ENSG00000120896","-0.265"
"targetscan","MIMAT0019806","hsa-miR-4706","SLC35E2B","728661","ENSG00000189339","-0.264"
"targetscan","MIMAT0019806","hsa-miR-4706","SMPD3","55512","ENSG00000103056","-0.264"
"targetscan","MIMAT0019806","hsa-miR-4706","KCNK3","3777","ENSG00000171303","-0.264"
"targetscan","MIMAT0019806","hsa-miR-4706","COL23A1","91522","ENSG00000050767","-0.263"
"targetscan","MIMAT0019806","hsa-miR-4706","C1D","10438","ENSG00000197223","-0.263"
"targetscan","MIMAT0019806","hsa-miR-4706","DLG4","1742","ENSG00000132535","-0.263"
"targetscan","MIMAT0019806","hsa-miR-4706","GNG7","2788","ENSG00000176533","-0.263"
"targetscan","MIMAT0019806","hsa-miR-4706","TP53I11","9537","ENSG00000175274","-0.263"
"targetscan","MIMAT0019806","hsa-miR-4706","SAPCD2","89958","ENSG00000186193","-0.263"
"targetscan","MIMAT0019806","hsa-miR-4706","ZBED6CL","113763","ENSG00000188707","-0.263"
"targetscan","MIMAT0019806","hsa-miR-4706","ALDH3B1","221","ENSG00000006534","-0.263"
"targetscan","MIMAT0019806","hsa-miR-4706","SDHAF2","54949","ENSG00000167985","-0.263"
"targetscan","MIMAT0019806","hsa-miR-4706","PTAFR","5724","ENSG00000169403","-0.263"
"targetscan","MIMAT0019806","hsa-miR-4706","ABL1","25","ENSG00000097007","-0.262"
"targetscan","MIMAT0019806","hsa-miR-4706","DNASE1L2","1775","ENSG00000167968","-0.262"
"targetscan","MIMAT0019806","hsa-miR-4706","HOXB2","3212","ENSG00000173917","-0.262"
"targetscan","MIMAT0019806","hsa-miR-4706","FASTK","10922","ENSG00000164896","-0.262"
"targetscan","MIMAT0019806","hsa-miR-4706","SEL1L","6400","ENSG00000071537","-0.262"
"targetscan","MIMAT0019806","hsa-miR-4706","PRDM12","59335","ENSG00000130711","-0.262"
"targetscan","MIMAT0019806","hsa-miR-4706","SLC45A3","85414","ENSG00000158715","-0.262"
"targetscan","MIMAT0019806","hsa-miR-4706","ATG9B","285973","ENSG00000181652","-0.262"
"targetscan","MIMAT0019806","hsa-miR-4706","TCF7","6932","ENSG00000081059","-0.261"
"targetscan","MIMAT0019806","hsa-miR-4706","EXOC4","60412","ENSG00000131558","-0.261"
"targetscan","MIMAT0019806","hsa-miR-4706","HES2","54626","ENSG00000069812","-0.261"
"targetscan","MIMAT0019806","hsa-miR-4706","AKT1","207","ENSG00000142208","-0.261"
"targetscan","MIMAT0019806","hsa-miR-4706","CASS4","57091","ENSG00000087589","-0.261"
"targetscan","MIMAT0019806","hsa-miR-4706","TMEM240","339453","ENSG00000205090","-0.26"
"targetscan","MIMAT0019806","hsa-miR-4706","RGS18","64407","ENSG00000150681","-0.26"
"targetscan","MIMAT0019806","hsa-miR-4706","MIER1","57708","ENSG00000198160","-0.26"
"targetscan","MIMAT0019806","hsa-miR-4706","NPTX2","4885","ENSG00000106236","-0.26"
"targetscan","MIMAT0019806","hsa-miR-4706","C11orf45","219833","ENSG00000174370","-0.26"
"targetscan","MIMAT0019806","hsa-miR-4706","AGFG2","3268","ENSG00000106351","-0.259"
"targetscan","MIMAT0019806","hsa-miR-4706","ZNF496","84838","ENSG00000162714","-0.259"
"targetscan","MIMAT0019806","hsa-miR-4706","GLI4","2738","ENSG00000250571","-0.259"
"targetscan","MIMAT0019806","hsa-miR-4706","SUFU","51684","ENSG00000107882","-0.259"
"targetscan","MIMAT0019806","hsa-miR-4706","B3GAT1","27087","ENSG00000109956","-0.259"
"targetscan","MIMAT0019806","hsa-miR-4706","ALAD","210","ENSG00000148218","-0.259"
"targetscan","MIMAT0019806","hsa-miR-4706","SLC22A13","9390","ENSG00000172940","-0.259"
"targetscan","MIMAT0019806","hsa-miR-4706","FOXL1","2300","ENSG00000176678","-0.259"
"targetscan","MIMAT0019806","hsa-miR-4706","SUV39H1","6839","ENSG00000101945","-0.259"
"targetscan","MIMAT0019806","hsa-miR-4706","SLBP","7884","ENSG00000163950","-0.258"
"targetscan","MIMAT0019806","hsa-miR-4706","TRIM65","201292","ENSG00000141569","-0.258"
"targetscan","MIMAT0019806","hsa-miR-4706","CHRNA4","1137","ENSG00000101204","-0.258"
"targetscan","MIMAT0019806","hsa-miR-4706","RNF166","115992","ENSG00000158717","-0.258"
"targetscan","MIMAT0019806","hsa-miR-4706","ASB16","92591","ENSG00000161664","-0.258"
"targetscan","MIMAT0019806","hsa-miR-4706","FGFRL1","53834","ENSG00000127418","-0.257"
"targetscan","MIMAT0019806","hsa-miR-4706","IL17RE","132014","ENSG00000163701","-0.257"
"targetscan","MIMAT0019806","hsa-miR-4706","VWA1","64856","ENSG00000179403","-0.257"
"targetscan","MIMAT0019806","hsa-miR-4706","RAB40A","142684","ENSG00000172476","-0.257"
"targetscan","MIMAT0019806","hsa-miR-4706","ATAD3C","219293","ENSG00000215915","-0.257"
"targetscan","MIMAT0019806","hsa-miR-4706","PRXL2B","127281","ENSG00000157870","-0.257"
"targetscan","MIMAT0019806","hsa-miR-4706","H6PD","9563","ENSG00000049239","-0.256"
"targetscan","MIMAT0019806","hsa-miR-4706","MCF2L","23263","ENSG00000126217","-0.256"
"targetscan","MIMAT0019806","hsa-miR-4706","APBB2","323","ENSG00000163697","-0.256"
"targetscan","MIMAT0019806","hsa-miR-4706","GPR26","2849","ENSG00000154478","-0.256"
"targetscan","MIMAT0019806","hsa-miR-4706","SDC1","6382","ENSG00000115884","-0.256"
"targetscan","MIMAT0019806","hsa-miR-4706","HNRNPUL2","221092","ENSG00000214753","-0.255"
"targetscan","MIMAT0019806","hsa-miR-4706","SLC11A2","4891","ENSG00000110911","-0.255"
"targetscan","MIMAT0019806","hsa-miR-4706","SEZ6","124925","ENSG00000063015","-0.255"
"targetscan","MIMAT0019806","hsa-miR-4706","RAI14","26064","ENSG00000039560","-0.255"
"targetscan","MIMAT0019806","hsa-miR-4706","NFIX","4784","ENSG00000008441","-0.255"
"targetscan","MIMAT0019806","hsa-miR-4706","MAP1LC3B","81631","ENSG00000140941","-0.255"
"targetscan","MIMAT0019806","hsa-miR-4706","NMNAT3","349565","ENSG00000163864","-0.254"
"targetscan","MIMAT0019806","hsa-miR-4706","DPH1","1801","ENSG00000108963","-0.254"
"targetscan","MIMAT0019806","hsa-miR-4706","FOXB1","27023","ENSG00000171956","-0.254"
"targetscan","MIMAT0019806","hsa-miR-4706","TBC1D25","4943","ENSG00000068354","-0.254"
"targetscan","MIMAT0019806","hsa-miR-4706","AP3D1","8943","ENSG00000065000","-0.254"
"targetscan","MIMAT0019806","hsa-miR-4706","ISLR2","57611","ENSG00000167178","-0.254"
"targetscan","MIMAT0019806","hsa-miR-4706","CNPY3","10695","ENSG00000137161","-0.254"
"targetscan","MIMAT0019806","hsa-miR-4706","BRD7","29117","ENSG00000166164","-0.254"
"targetscan","MIMAT0019806","hsa-miR-4706","HUWE1","10075","ENSG00000086758","-0.253"
"targetscan","MIMAT0019806","hsa-miR-4706","CLUAP1","23059","ENSG00000103351","-0.253"
"targetscan","MIMAT0019806","hsa-miR-4706","BRF1","2972","ENSG00000185024","-0.253"
"targetscan","MIMAT0019806","hsa-miR-4706","CREB3L3","84699","ENSG00000060566","-0.253"
"targetscan","MIMAT0019806","hsa-miR-4706","GPC1","2817","ENSG00000063660","-0.253"
"targetscan","MIMAT0019806","hsa-miR-4706","ANKRD45","339416","ENSG00000183831","-0.253"
"targetscan","MIMAT0019806","hsa-miR-4706","NTNG2","84628","ENSG00000196358","-0.252"
"targetscan","MIMAT0019806","hsa-miR-4706","RNF126","55658","ENSG00000070423","-0.252"
"targetscan","MIMAT0019806","hsa-miR-4706","MB","4151","ENSG00000198125","-0.252"
"targetscan","MIMAT0019806","hsa-miR-4706","CLDN5","7122","ENSG00000184113","-0.252"
"targetscan","MIMAT0019806","hsa-miR-4706","GID8","54994","ENSG00000101193","-0.252"
"targetscan","MIMAT0019806","hsa-miR-4706","CLUH","23277","ENSG00000132361","-0.252"
"targetscan","MIMAT0019806","hsa-miR-4706","STX6","10228","ENSG00000135823","-0.251"
"targetscan","MIMAT0019806","hsa-miR-4706","LTBP4","8425","ENSG00000090006","-0.251"
"targetscan","MIMAT0019806","hsa-miR-4706","DPP6","1804","ENSG00000130226","-0.251"
"targetscan","MIMAT0019806","hsa-miR-4706","POLL","27343","ENSG00000166169","-0.251"
"targetscan","MIMAT0019806","hsa-miR-4706","CAMK1D","57118","ENSG00000183049","-0.251"
"targetscan","MIMAT0019806","hsa-miR-4706","ZCCHC3","","ENSG00000177764","-0.251"
"targetscan","MIMAT0019806","hsa-miR-4706","ANKFY1","51479","ENSG00000185722","-0.251"
"targetscan","MIMAT0019806","hsa-miR-4706","GVQW3","100506127","ENSG00000179240","-0.25"
"targetscan","MIMAT0019806","hsa-miR-4706","SOBP","55084","ENSG00000112320","-0.25"
"targetscan","MIMAT0019806","hsa-miR-4706","ASXL3","80816","ENSG00000141431","-0.25"
"targetscan","MIMAT0019806","hsa-miR-4706","BICDL2","146439","ENSG00000162069","-0.25"
"targetscan","MIMAT0019806","hsa-miR-4706","SRRM3","222183","ENSG00000177679","-0.25"
"targetscan","MIMAT0019806","hsa-miR-4706","SLC6A11","6538","ENSG00000132164","-0.25"
"targetscan","MIMAT0019806","hsa-miR-4706","GATD1","347862","ENSG00000177225","-0.249"
"targetscan","MIMAT0019806","hsa-miR-4706","ZBTB7B","51043","ENSG00000160685","-0.249"
"targetscan","MIMAT0019806","hsa-miR-4706","EBF4","57593","ENSG00000088881","-0.249"
"targetscan","MIMAT0019806","hsa-miR-4706","HOXC12","3228","ENSG00000123407","-0.249"
"targetscan","MIMAT0019806","hsa-miR-4706","RPS15A","6210","ENSG00000134419","-0.249"
"targetscan","MIMAT0019806","hsa-miR-4706","NDUFA11","126328","ENSG00000174886","-0.249"
"targetscan","MIMAT0019806","hsa-miR-4706","RBM48","84060","ENSG00000127993","-0.249"
"targetscan","MIMAT0019806","hsa-miR-4706","ESPN","83715","ENSG00000187017","-0.249"
"targetscan","MIMAT0019806","hsa-miR-4706","CENPP","401541","ENSG00000188312","-0.248"
"targetscan","MIMAT0019806","hsa-miR-4706","EPS15L1","58513","ENSG00000127527","-0.248"
"targetscan","MIMAT0019806","hsa-miR-4706","DGKQ","1609","ENSG00000145214","-0.248"
"targetscan","MIMAT0019806","hsa-miR-4706","FAM107B","83641","ENSG00000065809","-0.248"
"targetscan","MIMAT0019806","hsa-miR-4706","FKBP9","11328","ENSG00000122642","-0.248"
"targetscan","MIMAT0019806","hsa-miR-4706","TMEM259","91304","ENSG00000182087","-0.248"
"targetscan","MIMAT0019806","hsa-miR-4706","GJD3","125111","ENSG00000183153","-0.248"
"targetscan","MIMAT0019806","hsa-miR-4706","MIGA2","84895","ENSG00000148343","-0.248"
"targetscan","MIMAT0019806","hsa-miR-4706","DGKZ","8525","ENSG00000149091","-0.247"
"targetscan","MIMAT0019806","hsa-miR-4706","DOCK8-AS1","","ENSG00000183784","-0.247"
"targetscan","MIMAT0019806","hsa-miR-4706","FBXL12","54850","ENSG00000127452","-0.247"
"targetscan","MIMAT0019806","hsa-miR-4706","HR","55806","ENSG00000168453","-0.247"
"targetscan","MIMAT0019806","hsa-miR-4706","RADIL","55698","ENSG00000157927","-0.247"
"targetscan","MIMAT0019806","hsa-miR-4706","SLC25A44","9673","ENSG00000160785","-0.247"
"targetscan","MIMAT0019806","hsa-miR-4706","FAM83A","84985","ENSG00000147689","-0.247"
"targetscan","MIMAT0019806","hsa-miR-4706","MTSS2","92154","ENSG00000132613","-0.247"
"targetscan","MIMAT0019806","hsa-miR-4706","NXN","64359","ENSG00000167693","-0.247"
"targetscan","MIMAT0019806","hsa-miR-4706","PPP1R27","116729","ENSG00000182676","-0.246"
"targetscan","MIMAT0019806","hsa-miR-4706","STUM","375057","ENSG00000203685","-0.246"
"targetscan","MIMAT0019806","hsa-miR-4706","WIPI2","26100","ENSG00000157954","-0.246"
"targetscan","MIMAT0019806","hsa-miR-4706","PITPNA","5306","ENSG00000174238","-0.246"
"targetscan","MIMAT0019806","hsa-miR-4706","HIC1","3090","ENSG00000177374","-0.246"
"targetscan","MIMAT0019806","hsa-miR-4706","","","ENSG00000220256","-0.246"
"targetscan","MIMAT0019806","hsa-miR-4706","MVB12B","89853","ENSG00000196814","-0.246"
"targetscan","MIMAT0019806","hsa-miR-4706","GPT2","84706","ENSG00000166123","-0.246"
"targetscan","MIMAT0019806","hsa-miR-4706","RAX","30062","ENSG00000134438","-0.246"
"targetscan","MIMAT0019806","hsa-miR-4706","HES4","57801","ENSG00000188290","-0.246"
"targetscan","MIMAT0019806","hsa-miR-4706","MAP2K2","5605","ENSG00000126934","-0.245"
"targetscan","MIMAT0019806","hsa-miR-4706","NOTCH1","4851","ENSG00000148400","-0.245"
"targetscan","MIMAT0019806","hsa-miR-4706","SLC30A10","55532","ENSG00000196660","-0.245"
"targetscan","MIMAT0019806","hsa-miR-4706","BMPR2","659","ENSG00000204217","-0.245"
"targetscan","MIMAT0019806","hsa-miR-4706","SGSM2","9905","ENSG00000141258","-0.245"
"targetscan","MIMAT0019806","hsa-miR-4706","MXRA7","439921","ENSG00000182534","-0.245"
"targetscan","MIMAT0019806","hsa-miR-4706","SYT7","9066","ENSG00000011347","-0.245"
"targetscan","MIMAT0019806","hsa-miR-4706","NADSYN1","55191","ENSG00000172890","-0.245"
"targetscan","MIMAT0019806","hsa-miR-4706","BORCS5","118426","ENSG00000165714","-0.245"
"targetscan","MIMAT0019806","hsa-miR-4706","INKA2","55924","ENSG00000197852","-0.245"
"targetscan","MIMAT0019806","hsa-miR-4706","PEX5","5830","ENSG00000139197","-0.245"
"targetscan","MIMAT0019806","hsa-miR-4706","OTOF","9381","ENSG00000115155","-0.245"
"targetscan","MIMAT0019806","hsa-miR-4706","PRR12","57479","ENSG00000126464","-0.245"
"targetscan","MIMAT0019806","hsa-miR-4706","ADCYAP1R1","117","ENSG00000078549","-0.244"
"targetscan","MIMAT0019806","hsa-miR-4706","NFIX","4784","ENSG00000008441","-0.244"
"targetscan","MIMAT0019806","hsa-miR-4706","RNASEH2C","84153","ENSG00000172922","-0.244"
"targetscan","MIMAT0019806","hsa-miR-4706","ADAMTS15","170689","ENSG00000166106","-0.244"
"targetscan","MIMAT0019806","hsa-miR-4706","ST3GAL2","6483","ENSG00000157350","-0.244"
"targetscan","MIMAT0019806","hsa-miR-4706","MAPK8IP3","23162","ENSG00000138834","-0.244"
"targetscan","MIMAT0019806","hsa-miR-4706","C17orf50","","ENSG00000154768","-0.244"
"targetscan","MIMAT0019806","hsa-miR-4706","RUNX3","864","ENSG00000020633","-0.243"
"targetscan","MIMAT0019806","hsa-miR-4706","ADGRD1","283383","ENSG00000111452","-0.243"
"targetscan","MIMAT0019806","hsa-miR-4706","CLCN7","1186","ENSG00000103249","-0.243"
"targetscan","MIMAT0019806","hsa-miR-4706","KIF21B","23046","ENSG00000116852","-0.243"
"targetscan","MIMAT0019806","hsa-miR-4706","HNF4A","3172","ENSG00000101076","-0.243"
"targetscan","MIMAT0019806","hsa-miR-4706","FAM83H","286077","ENSG00000180921","-0.243"
"targetscan","MIMAT0019806","hsa-miR-4706","SLC52A3","113278","ENSG00000101276","-0.242"
"targetscan","MIMAT0019806","hsa-miR-4706","DBN1","1627","ENSG00000113758","-0.242"
"targetscan","MIMAT0019806","hsa-miR-4706","SLCO5A1","81796","ENSG00000137571","-0.242"
"targetscan","MIMAT0019806","hsa-miR-4706","GATAD2A","54815","ENSG00000167491","-0.242"
"targetscan","MIMAT0019806","hsa-miR-4706","KCNK1","3775","ENSG00000135750","-0.242"
"targetscan","MIMAT0019806","hsa-miR-4706","BET1L","51272","ENSG00000177951","-0.242"
"targetscan","MIMAT0019806","hsa-miR-4706","CHMP6","79643","ENSG00000176108","-0.242"
"targetscan","MIMAT0019806","hsa-miR-4706","LYRM4","57128","ENSG00000214113","-0.241"
"targetscan","MIMAT0019806","hsa-miR-4706","SLITRK1","114798","ENSG00000178235","-0.241"
"targetscan","MIMAT0019806","hsa-miR-4706","FOSL2","2355","ENSG00000075426","-0.241"
"targetscan","MIMAT0019806","hsa-miR-4706","GPD1","2819","ENSG00000167588","-0.241"
"targetscan","MIMAT0019806","hsa-miR-4706","ADAR","103","ENSG00000160710","-0.241"
"targetscan","MIMAT0019806","hsa-miR-4706","LYNX1","66004","ENSG00000180155","-0.241"
"targetscan","MIMAT0019806","hsa-miR-4706","ZNF696","79943","ENSG00000185730","-0.241"
"targetscan","MIMAT0019806","hsa-miR-4706","FGFR3","2261","ENSG00000068078","-0.241"
"targetscan","MIMAT0019806","hsa-miR-4706","","57731","ENSG00000160460","-0.241"
"targetscan","MIMAT0019806","hsa-miR-4706","PHACTR1","221692","ENSG00000112137","-0.241"
"targetscan","MIMAT0019806","hsa-miR-4706","PSCA","8000","ENSG00000167653","-0.24"
"targetscan","MIMAT0019806","hsa-miR-4706","HSPG2","3339","ENSG00000142798","-0.24"
"targetscan","MIMAT0019806","hsa-miR-4706","CTXN1","404217","ENSG00000178531","-0.24"
"targetscan","MIMAT0019806","hsa-miR-4706","OTUD4","54726","ENSG00000164164","-0.24"
"targetscan","MIMAT0019806","hsa-miR-4706","ADAT1","23536","ENSG00000065457","-0.24"
"targetscan","MIMAT0019806","hsa-miR-4706","BEGAIN","57596","ENSG00000183092","-0.239"
"targetscan","MIMAT0019806","hsa-miR-4706","GIGYF1","64599","ENSG00000146830","-0.239"
"targetscan","MIMAT0019806","hsa-miR-4706","DYNLL2","140735","ENSG00000264364","-0.239"
"targetscan","MIMAT0019806","hsa-miR-4706","TFDP2","7029","ENSG00000114126","-0.239"
"targetscan","MIMAT0019806","hsa-miR-4706","GVQW3","100506127","ENSG00000179240","-0.239"
"targetscan","MIMAT0019806","hsa-miR-4706","AMZ1","155185","ENSG00000174945","-0.239"
"targetscan","MIMAT0019806","hsa-miR-4706","EVI5L","115704","ENSG00000142459","-0.239"
"targetscan","MIMAT0019806","hsa-miR-4706","YTHDC2","64848","ENSG00000047188","-0.238"
"targetscan","MIMAT0019806","hsa-miR-4706","MVD","4597","ENSG00000167508","-0.238"
"targetscan","MIMAT0019806","hsa-miR-4706","PAOX","196743","ENSG00000148832","-0.238"
"targetscan","MIMAT0019806","hsa-miR-4706","FAM160B2","64760","ENSG00000158863","-0.238"
"targetscan","MIMAT0019806","hsa-miR-4706","FGFRL1","53834","ENSG00000127418","-0.238"
"targetscan","MIMAT0019806","hsa-miR-4706","COMT","1312","ENSG00000093010","-0.238"
"targetscan","MIMAT0019806","hsa-miR-4706","EBF4","57593","ENSG00000088881","-0.238"
"targetscan","MIMAT0019806","hsa-miR-4706","RXRA","6256","ENSG00000186350","-0.237"
"targetscan","MIMAT0019806","hsa-miR-4706","RNMT","8731","ENSG00000101654","-0.237"
"targetscan","MIMAT0019806","hsa-miR-4706","ARHGAP1","392","ENSG00000175220","-0.237"
"targetscan","MIMAT0019806","hsa-miR-4706","IL36RN","26525","ENSG00000136695","-0.237"
"targetscan","MIMAT0019806","hsa-miR-4706","TNR","7143","ENSG00000116147","-0.236"
"targetscan","MIMAT0019806","hsa-miR-4706","FKBP9","11328","ENSG00000122642","-0.236"
"targetscan","MIMAT0019806","hsa-miR-4706","","23108","ENSG00000132359","-0.236"
"targetscan","MIMAT0019806","hsa-miR-4706","MEX3D","399664","ENSG00000181588","-0.236"
"targetscan","MIMAT0019806","hsa-miR-4706","SMIM12","113444","ENSG00000163866","-0.236"
"targetscan","MIMAT0019806","hsa-miR-4706","BCL11B","64919","ENSG00000127152","-0.236"
"targetscan","MIMAT0019806","hsa-miR-4706","AC092850.1","","ENSG00000267819","-0.236"
"targetscan","MIMAT0019806","hsa-miR-4706","NCBP3","55421","ENSG00000074356","-0.235"
"targetscan","MIMAT0019806","hsa-miR-4706","ELP6","54859","ENSG00000163832","-0.235"
"targetscan","MIMAT0019806","hsa-miR-4706","CELF5","60680","ENSG00000161082","-0.235"
"targetscan","MIMAT0019806","hsa-miR-4706","HMG20B","10362","ENSG00000064961","-0.235"
"targetscan","MIMAT0019806","hsa-miR-4706","RNF187","149603","ENSG00000168159","-0.235"
"targetscan","MIMAT0019806","hsa-miR-4706","PLOD3","8985","ENSG00000106397","-0.235"
"targetscan","MIMAT0019806","hsa-miR-4706","SRI","6717","ENSG00000075142","-0.235"
"targetscan","MIMAT0019806","hsa-miR-4706","ZDHHC18","84243","ENSG00000204160","-0.235"
"targetscan","MIMAT0019806","hsa-miR-4706","CYP2B6","1555","ENSG00000197408","-0.235"
"targetscan","MIMAT0019806","hsa-miR-4706","BAK1","578","ENSG00000030110","-0.235"
"targetscan","MIMAT0019806","hsa-miR-4706","ANKRD9","122416","ENSG00000156381","-0.234"
"targetscan","MIMAT0019806","hsa-miR-4706","JCAD","57608","ENSG00000165757","-0.234"
"targetscan","MIMAT0019806","hsa-miR-4706","TP53I13","90313","ENSG00000167543","-0.234"
"targetscan","MIMAT0019806","hsa-miR-4706","FBLN2","2199","ENSG00000163520","-0.234"
"targetscan","MIMAT0019806","hsa-miR-4706","SNRNP200","23020","ENSG00000144028","-0.234"
"targetscan","MIMAT0019806","hsa-miR-4706","SNX8","29886","ENSG00000106266","-0.234"
"targetscan","MIMAT0019806","hsa-miR-4706","CCDC3","83643","ENSG00000151468","-0.234"
"targetscan","MIMAT0019806","hsa-miR-4706","SEMA3A","10371","ENSG00000075213","-0.233"
"targetscan","MIMAT0019806","hsa-miR-4706","FRMPD3","84443","ENSG00000147234","-0.233"
"targetscan","MIMAT0019806","hsa-miR-4706","PTDSS2","81490","ENSG00000174915","-0.233"
"targetscan","MIMAT0019806","hsa-miR-4706","SLC7A5","8140","ENSG00000103257","-0.233"
"targetscan","MIMAT0019806","hsa-miR-4706","SLC9A8","23315","ENSG00000197818","-0.233"
"targetscan","MIMAT0019806","hsa-miR-4706","PRKX","5613","ENSG00000183943","-0.233"
"targetscan","MIMAT0019806","hsa-miR-4706","EDNRA","1909","ENSG00000151617","-0.233"
"targetscan","MIMAT0019806","hsa-miR-4706","PRORP","9692","ENSG00000100890","-0.233"
"targetscan","MIMAT0019806","hsa-miR-4706","MRPL39","54148","ENSG00000154719","-0.233"
"targetscan","MIMAT0019806","hsa-miR-4706","TBL3","10607","ENSG00000183751","-0.233"
"targetscan","MIMAT0019806","hsa-miR-4706","TOMM40","10452","ENSG00000130204","-0.233"
